path,folder,label,y
/home/tahiti/MARINE_DATASETS/FathomNet/images/coral_skeleton/eca2e9fb-b0d0-49c2-af4e-89fb3e48d168.png,coral_skeleton,coral skeleton,12
/home/tahiti/MARINE_DATASETS/FathomNet/images/bony_fish/b2da6f61-fb6b-447e-bebf-1bdd257013ab.png,bony_fish,bony fish,9
/home/tahiti/MARINE_DATASETS/FathomNet/images/coral_skeleton/60f2843d-e1f9-4966-b158-415098e1136a.png,coral_skeleton,coral skeleton,12
/home/tahiti/MARINE_DATASETS/FathomNet/images/brittle_star/75d859d3-0bb8-4cfd-aed5-7fc92530257a.png,brittle_star,brittle star,10
/home/tahiti/MARINE_DATASETS/FathomNet/images/black_coral/87bf7e75-28f7-4802-8f46-0dd0e0478ec8.png,black_coral,black coral,8
/home/tahiti/MARINE_DATASETS/FathomNet/images/Asthenactis_fisheri/12533554-676a-400d-baed-d1a563db54bc.png,Asthenactis_fisheri,Asthenactis fisheri,0
/home/tahiti/MARINE_DATASETS/FathomNet/images/coral_skeleton/83c11012-7213-4e64-8212-d90a92e56773.png,coral_skeleton,coral skeleton,12
/home/tahiti/MARINE_DATASETS/FathomNet/images/black_coral/16c8ce8b-9b94-4338-a63a-ee2d2f80edaa.png,black_coral,black coral,8
/home/tahiti/MARINE_DATASETS/FathomNet/images/Corallimorphus_pilatus/624d26be-26a3-4ceb-bf5e-6311a7140bd3.png,Corallimorphus_pilatus,Corallimorphus pilatus,7
/home/tahiti/MARINE_DATASETS/FathomNet/images/black_coral/028fcd83-40c8-4323-8c17-cc1db54c2900.png,black_coral,black coral,8
/home/tahiti/MARINE_DATASETS/FathomNet/images/Benthoctopus/3d96a871-12d8-4630-8a01-20b5c4547eff.png,Benthoctopus,Benthoctopus,1
/home/tahiti/MARINE_DATASETS/FathomNet/images/Corallimorphus_pilatus/3323cce1-7b19-40ed-a7a5-5ea885285594.png,Corallimorphus_pilatus,Corallimorphus pilatus,7
/home/tahiti/MARINE_DATASETS/FathomNet/images/bony_fish/02ce8a36-dbc1-4623-be2d-2c8b446a2a94.png,bony_fish,bony fish,9
/home/tahiti/MARINE_DATASETS/FathomNet/images/Coralliidae/ebbb4651-7a26-425c-8a2b-db9686fca195.png,Coralliidae,Coralliidae,2
/home/tahiti/MARINE_DATASETS/FathomNet/images/Asthenactis_fisheri/4d405b6d-f622-40fc-a6c2-9a503b122d64.png,Asthenactis_fisheri,Asthenactis fisheri,0
/home/tahiti/MARINE_DATASETS/FathomNet/images/corallimorph/33d7d195-9602-4928-bc1a-617adb2e1d4f.jpg,corallimorph,corallimorph,14
/home/tahiti/MARINE_DATASETS/FathomNet/images/bony_fish/f5540c57-0dec-4c69-a2eb-47988d8b7568.png,bony_fish,bony fish,9
/home/tahiti/MARINE_DATASETS/FathomNet/images/coral/1139ed2b-d37f-4946-93df-8c18606efb10.jpg,coral,coral,11
/home/tahiti/MARINE_DATASETS/FathomNet/images/Corallimorphus_pilatus/ec39978d-fc5c-4271-89ec-327ca1ce97a9.png,Corallimorphus_pilatus,Corallimorphus pilatus,7
/home/tahiti/MARINE_DATASETS/FathomNet/images/brittle_star/650683dd-4bb4-4062-a05d-e720073ccd44.png,brittle_star,brittle star,10
/home/tahiti/MARINE_DATASETS/FathomNet/images/Coralliidae/6206c2fc-978e-424d-b6a4-d0fb848cabf2.png,Coralliidae,Coralliidae,2
/home/tahiti/MARINE_DATASETS/FathomNet/images/brittle_star/b578bead-c39f-4322-a98d-5cfb03d56d3f.png,brittle_star,brittle star,10
/home/tahiti/MARINE_DATASETS/FathomNet/images/Corallimorpharia/c068f93f-a3b6-4c6d-90b9-008ec80b2035.png,Corallimorpharia,Corallimorpharia,3
/home/tahiti/MARINE_DATASETS/FathomNet/images/corallimorph/5ffc23d6-5d45-48ea-9f1e-7109985cdf22.png,corallimorph,corallimorph,14
/home/tahiti/MARINE_DATASETS/FathomNet/images/brittle_star/855aa22d-1e88-4d83-8a76-6309df750273.png,brittle_star,brittle star,10
/home/tahiti/MARINE_DATASETS/FathomNet/images/Corallimorphus_pilatus/15b56201-a9a0-43b3-9fea-d7ce547b5a90.png,Corallimorphus_pilatus,Corallimorphus pilatus,7
/home/tahiti/MARINE_DATASETS/FathomNet/images/coral/402a9ded-7f43-440b-b07e-39f12b0a14d1.jpg,coral,coral,11
/home/tahiti/MARINE_DATASETS/FathomNet/images/corallimorph/82b37308-f75c-47f5-be1d-57e50b2d6c8e.jpg,corallimorph,corallimorph,14
/home/tahiti/MARINE_DATASETS/FathomNet/images/coral/462898a2-d13c-4845-91c7-6a8f524e5fdc.jpg,coral,coral,11
/home/tahiti/MARINE_DATASETS/FathomNet/images/Corallimorphus/4664a370-efa9-440c-9f52-33631c71eed1.png,Corallimorphus,Corallimorphus,5
/home/tahiti/MARINE_DATASETS/FathomNet/images/Corallimorphus/62026740-5824-459f-929c-065b1eba1301.png,Corallimorphus,Corallimorphus,5
/home/tahiti/MARINE_DATASETS/FathomNet/images/bony_fish/6a1bb5e9-7754-4f0d-86ac-aa2c430adc77.png,bony_fish,bony fish,9
/home/tahiti/MARINE_DATASETS/FathomNet/images/black_coral/cec85978-88ce-41d6-b563-fc5ea04dca73.png,black_coral,black coral,8
/home/tahiti/MARINE_DATASETS/FathomNet/images/corallimorph/492cea0f-a2c7-4d7c-b557-fe009a46317b.png,corallimorph,corallimorph,14
/home/tahiti/MARINE_DATASETS/FathomNet/images/coral/b6b2dac8-5fda-405b-b666-81d758f506af.jpg,coral,coral,11
/home/tahiti/MARINE_DATASETS/FathomNet/images/Coralliidae/d7a99cc0-aec3-448a-a495-fe0a936abbd1.png,Coralliidae,Coralliidae,2
/home/tahiti/MARINE_DATASETS/FathomNet/images/Asthenactis_fisheri/7bb2b58c-b3af-4679-b3b5-07a8009800fd.png,Asthenactis_fisheri,Asthenactis fisheri,0
/home/tahiti/MARINE_DATASETS/FathomNet/images/Coralliidae/7c238cba-c752-4ac2-9f30-cbaa6262cd9a.png,Coralliidae,Coralliidae,2
/home/tahiti/MARINE_DATASETS/FathomNet/images/bony_fish/d74c791e-80d3-4e4d-a705-356d57923836.png,bony_fish,bony fish,9
/home/tahiti/MARINE_DATASETS/FathomNet/images/black_coral/e77b73f3-73a2-4df6-9f7a-2ceefc8f0cd9.png,black_coral,black coral,8
/home/tahiti/MARINE_DATASETS/FathomNet/images/Corallimorphus_pilatus/848ddec7-9bc2-4e4b-9adf-dabc11b95436.png,Corallimorphus_pilatus,Corallimorphus pilatus,7
/home/tahiti/MARINE_DATASETS/FathomNet/images/Asthenactis_fisheri/0a67b3b5-7f8a-4bc5-8910-f0f6d7143115.png,Asthenactis_fisheri,Asthenactis fisheri,0
/home/tahiti/MARINE_DATASETS/FathomNet/images/Corallimorphus/781941ad-87a1-4923-9618-c3df6485e388.png,Corallimorphus,Corallimorphus,5
/home/tahiti/MARINE_DATASETS/FathomNet/images/Corallimorphus/20b21517-a828-4d5e-83c9-18d27e866060.png,Corallimorphus,Corallimorphus,5
/home/tahiti/MARINE_DATASETS/FathomNet/images/coral/c66e6c55-40b9-464a-9bb7-23bbea3f0741.jpg,coral,coral,11
/home/tahiti/MARINE_DATASETS/FathomNet/images/brittle_star/54b860dc-ad74-45a2-b874-53bb1649caf6.png,brittle_star,brittle star,10
/home/tahiti/MARINE_DATASETS/FathomNet/images/bony_fish/f188a12f-a1df-4180-affc-713b4b94c281.png,bony_fish,bony fish,9
/home/tahiti/MARINE_DATASETS/FathomNet/images/black_coral/aa7192c9-4c38-43bc-b281-9c71acdc4de4.png,black_coral,black coral,8
/home/tahiti/MARINE_DATASETS/FathomNet/images/Corallimorphus_pilatus/dbe269fa-8b9d-4d9b-9c9a-10da6f5dfad4.png,Corallimorphus_pilatus,Corallimorphus pilatus,7
/home/tahiti/MARINE_DATASETS/FathomNet/images/Corallimorphus/68a7aae3-5f3a-4630-a061-37d8c555d029.png,Corallimorphus,Corallimorphus,5
/home/tahiti/MARINE_DATASETS/FathomNet/images/corallimorph/3ac4284b-ca5b-4dd4-8226-a38755d70e27.png,corallimorph,corallimorph,14
/home/tahiti/MARINE_DATASETS/FathomNet/images/Corallimorphus/8ace05b5-4b25-4a24-8e85-a8355cad81dc.png,Corallimorphus,Corallimorphus,5
/home/tahiti/MARINE_DATASETS/FathomNet/images/corallimorph/c606f507-f255-4ade-b420-34139456cdd5.jpg,corallimorph,corallimorph,14
/home/tahiti/MARINE_DATASETS/FathomNet/images/coral/541fab50-e483-4934-8648-298bd7aa4ee8.jpg,coral,coral,11
/home/tahiti/MARINE_DATASETS/FathomNet/images/Coralliidae/be47c5cd-2b74-48a3-99e6-e8139ccb490a.png,Coralliidae,Coralliidae,2
/home/tahiti/MARINE_DATASETS/FathomNet/images/bony_fish/d6b49908-e90d-4985-8df7-769f1126edaa.png,bony_fish,bony fish,9
/home/tahiti/MARINE_DATASETS/FathomNet/images/brittle_star/226f42bd-5fcf-42db-a569-b5b8415875b7.png,brittle_star,brittle star,10
/home/tahiti/MARINE_DATASETS/FathomNet/images/bony_fish/e02b00dd-a976-43ba-99b1-3697b1e4ddae.png,bony_fish,bony fish,9
/home/tahiti/MARINE_DATASETS/FathomNet/images/coral/b2677f6f-2b07-4dfa-8277-ad9edf76fd13.jpg,coral,coral,11
/home/tahiti/MARINE_DATASETS/FathomNet/images/brittle_star/a25b7c51-af31-4d98-8e6a-208e824d1ab5.png,brittle_star,brittle star,10
/home/tahiti/MARINE_DATASETS/FathomNet/images/Asthenactis_fisheri/3d0c899f-8af8-488b-90b0-319d2c57301d.png,Asthenactis_fisheri,Asthenactis fisheri,0
/home/tahiti/MARINE_DATASETS/FathomNet/images/Corallimorphus/b648da38-0702-465a-9829-49d20d7e08e7.png,Corallimorphus,Corallimorphus,5
/home/tahiti/MARINE_DATASETS/FathomNet/images/coral_skeleton/39c6be1f-94ea-45bf-b8a2-7621f951769e.png,coral_skeleton,coral skeleton,12
/home/tahiti/MARINE_DATASETS/FathomNet/images/brittle_star/b4d43748-b306-4170-9662-6a626d58fd10.jpg,brittle_star,brittle star,10
/home/tahiti/MARINE_DATASETS/FathomNet/images/Asthenactis_fisheri/9ddd92a8-3aea-4c3f-af73-a2859bd05d47.png,Asthenactis_fisheri,Asthenactis fisheri,0
/home/tahiti/MARINE_DATASETS/FathomNet/images/Corallimorphus_pilatus/1351b932-1386-43c8-a699-15d78c423ee4.png,Corallimorphus_pilatus,Corallimorphus pilatus,7
/home/tahiti/MARINE_DATASETS/FathomNet/images/black_coral/54af5c57-10a9-4e9c-b297-f1f97ec1deb8.png,black_coral,black coral,8
/home/tahiti/MARINE_DATASETS/FathomNet/images/Coralliidae/211a041f-168c-4c18-9f13-6a0ed97893bc.png,Coralliidae,Coralliidae,2
/home/tahiti/MARINE_DATASETS/FathomNet/images/Corallimorphus/19fb672d-e99a-4ad7-acc7-0c6c40afe249.png,Corallimorphus,Corallimorphus,5
/home/tahiti/MARINE_DATASETS/FathomNet/images/corallimorph/29644b5b-83f2-4d8f-af9e-5f8c730182e7.jpg,corallimorph,corallimorph,14
/home/tahiti/MARINE_DATASETS/FathomNet/images/coral_skeleton/a6c29713-c078-426e-9098-9adc9f4a5da4.png,coral_skeleton,coral skeleton,12
/home/tahiti/MARINE_DATASETS/FathomNet/images/Corallimorphus_pilatus/e047d5de-ba18-4824-be41-31e61d55ee09.png,Corallimorphus_pilatus,Corallimorphus pilatus,7
/home/tahiti/MARINE_DATASETS/FathomNet/images/bony_fish/b7b58807-0ea3-45df-b24e-00901a1bd1db.png,bony_fish,bony fish,9
/home/tahiti/MARINE_DATASETS/FathomNet/images/black_coral/c50c227f-cbde-4d53-bf3c-30c182dd890f.png,black_coral,black coral,8
/home/tahiti/MARINE_DATASETS/FathomNet/images/coral_skeleton/47839d8a-6dbf-463f-bc83-f14667c5cb0c.png,coral_skeleton,coral skeleton,12
/home/tahiti/MARINE_DATASETS/FathomNet/images/Coralliidae/bb5ec46d-c874-4a43-87df-ec1974e31252.png,Coralliidae,Coralliidae,2
/home/tahiti/MARINE_DATASETS/FathomNet/images/bony_fish/c7076335-68a5-4879-b566-6f0d2aafece7.png,bony_fish,bony fish,9
/home/tahiti/MARINE_DATASETS/FathomNet/images/coral/cb7ac24a-1d4e-4e5d-a58e-de021807ecd4.jpg,coral,coral,11
/home/tahiti/MARINE_DATASETS/FathomNet/images/Asthenactis_fisheri/130d7cf5-9e00-4b67-aa0a-7e015c61e1e2.png,Asthenactis_fisheri,Asthenactis fisheri,0
/home/tahiti/MARINE_DATASETS/FathomNet/images/black_coral/c2c9b20a-14b4-4d3e-88ff-c1a4f689a22d.png,black_coral,black coral,8
/home/tahiti/MARINE_DATASETS/FathomNet/images/coral/63c65a3d-c797-41f9-acf2-2a04ca4aab61.jpg,coral,coral,11
/home/tahiti/MARINE_DATASETS/FathomNet/images/Corallimorphus/50db905d-6258-4956-9068-a52eb3056672.png,Corallimorphus,Corallimorphus,5
/home/tahiti/MARINE_DATASETS/FathomNet/images/corallimorph/d0b1edad-c80c-4ef5-a49f-082826a62c6a.png,corallimorph,corallimorph,14
/home/tahiti/MARINE_DATASETS/FathomNet/images/coral/a7458c49-6330-4a88-b7a0-ed1bc0f98dca.jpg,coral,coral,11
/home/tahiti/MARINE_DATASETS/FathomNet/images/bony_fish/b74fa11a-876b-48f2-bca5-774c8f8963a4.png,bony_fish,bony fish,9
/home/tahiti/MARINE_DATASETS/FathomNet/images/coral_skeleton/be47c5cd-2b74-48a3-99e6-e8139ccb490a.png,coral_skeleton,coral skeleton,12
/home/tahiti/MARINE_DATASETS/FathomNet/images/coral/3bfe977c-a85f-4946-a282-e39c40352edc.jpg,coral,coral,11
/home/tahiti/MARINE_DATASETS/FathomNet/images/Coralliidae/9cedff50-22a3-41e4-89cb-53a7fcd79990.png,Coralliidae,Coralliidae,2
/home/tahiti/MARINE_DATASETS/FathomNet/images/corallimorph/a0a1f50c-f2fc-4f1e-803b-f4d5afd494f7.png,corallimorph,corallimorph,14
/home/tahiti/MARINE_DATASETS/FathomNet/images/black_coral/d26cfc5c-c8be-4097-a331-00271f511407.png,black_coral,black coral,8
/home/tahiti/MARINE_DATASETS/FathomNet/images/coral_skeleton/57647644-fd15-46ef-9e04-7ea7c848b609.png,coral_skeleton,coral skeleton,12
/home/tahiti/MARINE_DATASETS/FathomNet/images/bony_fish/2ac7b38f-4073-4780-a541-4ef7fbdf17e5.png,bony_fish,bony fish,9
/home/tahiti/MARINE_DATASETS/FathomNet/images/black_coral/3551b8f4-ea84-41dc-83d9-25372057e47f.jpg,black_coral,black coral,8
/home/tahiti/MARINE_DATASETS/FathomNet/images/brittle_star/4f47120a-4cbd-46c7-8c88-37b88d18dccb.png,brittle_star,brittle star,10
/home/tahiti/MARINE_DATASETS/FathomNet/images/Corallimorpharia/87e3fb15-1dbb-4828-b711-e5552da2ad71.png,Corallimorpharia,Corallimorpharia,3
/home/tahiti/MARINE_DATASETS/FathomNet/images/black_coral/1ac77c44-2568-429d-9f73-045a6eba9263.png,black_coral,black coral,8
/home/tahiti/MARINE_DATASETS/FathomNet/images/coral/166ed4e6-e666-4755-af11-b71e4178fad6.jpg,coral,coral,11
/home/tahiti/MARINE_DATASETS/FathomNet/images/bony_fish/e7c19fbc-c277-4dbd-966d-b7bfff5996ed.png,bony_fish,bony fish,9
/home/tahiti/MARINE_DATASETS/FathomNet/images/coral_skeleton/bdefc6ce-0696-44fc-8656-fcf0960e3596.png,coral_skeleton,coral skeleton,12
/home/tahiti/MARINE_DATASETS/FathomNet/images/bony_fish/98653468-79b5-476a-9dc8-ebfe6874768e.png,bony_fish,bony fish,9
/home/tahiti/MARINE_DATASETS/FathomNet/images/corallimorph/7983cc56-adc7-4e29-9a94-c29fcd6d7957.jpg,corallimorph,corallimorph,14
/home/tahiti/MARINE_DATASETS/FathomNet/images/coral/c2ed7388-02f4-4723-a6fb-f83b23123ea4.jpg,coral,coral,11
/home/tahiti/MARINE_DATASETS/FathomNet/images/coral_skeleton/98f5b0e6-15b7-4538-a30f-f988cd87ea9b.png,coral_skeleton,coral skeleton,12
/home/tahiti/MARINE_DATASETS/FathomNet/images/coral/9ca2e26f-ca07-4a78-9135-99d5ab656515.jpg,coral,coral,11
/home/tahiti/MARINE_DATASETS/FathomNet/images/coral/431ef534-642d-41c6-9783-46674b94fbd5.jpg,coral,coral,11
/home/tahiti/MARINE_DATASETS/FathomNet/images/brittle_star/e12897c1-688d-4d78-9abf-7d2a47b85432.png,brittle_star,brittle star,10
/home/tahiti/MARINE_DATASETS/FathomNet/images/coral/5d1c3039-65c5-433d-a4ef-77b43c42ae32.jpg,coral,coral,11
/home/tahiti/MARINE_DATASETS/FathomNet/images/coral_skeleton/06831fb3-b25e-4f88-a476-2763c847ec90.png,coral_skeleton,coral skeleton,12
/home/tahiti/MARINE_DATASETS/FathomNet/images/brittle_star/6766fd40-8d8a-4bff-8706-d0a775cefa5c.png,brittle_star,brittle star,10
/home/tahiti/MARINE_DATASETS/FathomNet/images/coral_skeleton/e1fa7c5b-0418-4f81-9d90-a38cf1339050.png,coral_skeleton,coral skeleton,12
/home/tahiti/MARINE_DATASETS/FathomNet/images/bony_fish/6b16b823-d6cf-40d3-baed-05241237a1aa.png,bony_fish,bony fish,9
/home/tahiti/MARINE_DATASETS/FathomNet/images/Corallimorphus_pilatus/a11fb86f-7c96-4577-bbba-dce8776dab0d.png,Corallimorphus_pilatus,Corallimorphus pilatus,7
/home/tahiti/MARINE_DATASETS/FathomNet/images/corallimorph/2c09ea72-c49d-458b-944c-63c22f8c6b63.png,corallimorph,corallimorph,14
/home/tahiti/MARINE_DATASETS/FathomNet/images/bony_fish/981ed2af-4a6b-40ef-a2d3-01df0f31dd80.png,bony_fish,bony fish,9
/home/tahiti/MARINE_DATASETS/FathomNet/images/coral/628eb268-97f6-4a82-834b-41652bdf2b5c.jpg,coral,coral,11
/home/tahiti/MARINE_DATASETS/FathomNet/images/black_coral/b765858b-4c38-4dab-9e06-fc763a12c2dd.png,black_coral,black coral,8
/home/tahiti/MARINE_DATASETS/FathomNet/images/Corallimorphus_pilatus/15542aa8-bbd2-43c0-af3f-8c94518ef9fa.png,Corallimorphus_pilatus,Corallimorphus pilatus,7
/home/tahiti/MARINE_DATASETS/FathomNet/images/bony_fish/f2397d6e-22ab-494d-9ad1-6aef2621c24d.png,bony_fish,bony fish,9
/home/tahiti/MARINE_DATASETS/FathomNet/images/Corallimorphus_pilatus/da525d4a-e7e7-44a6-94c9-7c42e59901ba.png,Corallimorphus_pilatus,Corallimorphus pilatus,7
/home/tahiti/MARINE_DATASETS/FathomNet/images/Corallimorphus_cf._pilatus/0eebd19d-9e74-4c3f-91d2-8df11c7f70b2.jpg,Corallimorphus_cf._pilatus,Corallimorphus cf. pilatus,6
/home/tahiti/MARINE_DATASETS/FathomNet/images/brittle_star/d33002bf-a76b-4397-9024-465c6cb831ac.png,brittle_star,brittle star,10
/home/tahiti/MARINE_DATASETS/FathomNet/images/coral_skeleton/734bf2bd-a221-420d-8129-a022463d087e.png,coral_skeleton,coral skeleton,12
/home/tahiti/MARINE_DATASETS/FathomNet/images/black_coral/75449e6c-4100-403b-ae2d-08e9a40540a2.png,black_coral,black coral,8
/home/tahiti/MARINE_DATASETS/FathomNet/images/Asthenactis_fisheri/ba4e6bbb-60df-46fd-b57f-3b8a6e361626.png,Asthenactis_fisheri,Asthenactis fisheri,0
/home/tahiti/MARINE_DATASETS/FathomNet/images/brittle_star/487d11f5-7959-412b-90e0-aca4373c933a.png,brittle_star,brittle star,10
/home/tahiti/MARINE_DATASETS/FathomNet/images/brittle_star/d21fc052-1250-40d8-8e70-6d9c31e5e0af.png,brittle_star,brittle star,10
/home/tahiti/MARINE_DATASETS/FathomNet/images/coral_skeleton/9ab52ac7-771a-4fbf-9781-e19b1c6abddf.png,coral_skeleton,coral skeleton,12
/home/tahiti/MARINE_DATASETS/FathomNet/images/brittle_star/23d0ed7d-da62-43e1-bd80-dca4ee463d4a.png,brittle_star,brittle star,10
/home/tahiti/MARINE_DATASETS/FathomNet/images/Coralliidae/cbae1bd0-12e6-41a1-91c1-365535c1a82f.png,Coralliidae,Coralliidae,2
/home/tahiti/MARINE_DATASETS/FathomNet/images/corallimorph/4735ffbb-29e2-4c98-82f5-42fd011293d3.png,corallimorph,corallimorph,14
/home/tahiti/MARINE_DATASETS/FathomNet/images/coral/416c9271-bb41-4a15-9900-cb2caf39d7d6.jpg,coral,coral,11
/home/tahiti/MARINE_DATASETS/FathomNet/images/bony_fish/0474b0d9-7320-4bf7-a530-6059ddff35b4.png,bony_fish,bony fish,9
/home/tahiti/MARINE_DATASETS/FathomNet/images/corallimorph/a0ff9f71-2817-4466-b2b5-83493d2f3d52.jpg,corallimorph,corallimorph,14
/home/tahiti/MARINE_DATASETS/FathomNet/images/Corallimorphus_pilatus/bf43eac4-724c-4504-93ed-183746536f89.png,Corallimorphus_pilatus,Corallimorphus pilatus,7
/home/tahiti/MARINE_DATASETS/FathomNet/images/Asthenactis_fisheri/51e1a994-5b3e-4f1a-8e98-ddeb34a63ab4.png,Asthenactis_fisheri,Asthenactis fisheri,0
/home/tahiti/MARINE_DATASETS/FathomNet/images/Corallimorphus_pilatus/014174ae-5be7-4c78-88cf-4d05183edb0e.png,Corallimorphus_pilatus,Corallimorphus pilatus,7
/home/tahiti/MARINE_DATASETS/FathomNet/images/Benthoctopus/689d4184-b347-4a95-9ad5-71f955ea3862.png,Benthoctopus,Benthoctopus,1
/home/tahiti/MARINE_DATASETS/FathomNet/images/black_coral/dbd1c31e-385d-4c1c-8bb6-673e7a939d64.png,black_coral,black coral,8
/home/tahiti/MARINE_DATASETS/FathomNet/images/Corallimorphus_pilatus/1b6337a7-27e4-4643-8ec0-f98c28506644.png,Corallimorphus_pilatus,Corallimorphus pilatus,7
/home/tahiti/MARINE_DATASETS/FathomNet/images/Benthoctopus/67251afd-8a57-48a5-9357-ca3be7055c04.png,Benthoctopus,Benthoctopus,1
/home/tahiti/MARINE_DATASETS/FathomNet/images/Asthenactis_fisheri/9dc395c9-0a8a-4159-b4d6-1e4d1a1ae105.png,Asthenactis_fisheri,Asthenactis fisheri,0
/home/tahiti/MARINE_DATASETS/FathomNet/images/coral/210cc040-75b0-476b-845e-34207e200efa.png,coral,coral,11
/home/tahiti/MARINE_DATASETS/FathomNet/images/coral/8dd85769-6e69-4723-8cd8-0b1a659d21c9.jpg,coral,coral,11
/home/tahiti/MARINE_DATASETS/FathomNet/images/coral/217d48da-a756-4775-abf6-1f78665f2807.jpg,coral,coral,11
/home/tahiti/MARINE_DATASETS/FathomNet/images/bony_fish/ab5b4f27-bc5c-4d0f-9153-bcff6b114ca8.png,bony_fish,bony fish,9
/home/tahiti/MARINE_DATASETS/FathomNet/images/black_coral/91a6033f-993b-46a0-a60e-250b07b4368b.png,black_coral,black coral,8
/home/tahiti/MARINE_DATASETS/FathomNet/images/bony_fish/86d03f9d-9698-4d7d-afb7-b0975f8468e7.png,bony_fish,bony fish,9
/home/tahiti/MARINE_DATASETS/FathomNet/images/bony_fish/a2874a47-58db-4cd2-86f8-a86ca4ebfd59.png,bony_fish,bony fish,9
/home/tahiti/MARINE_DATASETS/FathomNet/images/Corallimorphus_pilatus/8f42d7a8-3416-4ddc-a89c-600eb1c132ea.png,Corallimorphus_pilatus,Corallimorphus pilatus,7
/home/tahiti/MARINE_DATASETS/FathomNet/images/coral_skeleton/4e45a1d6-fe92-4364-aa05-587000054045.png,coral_skeleton,coral skeleton,12
/home/tahiti/MARINE_DATASETS/FathomNet/images/brittle_star/eb31cb35-b21e-46c8-8438-f132e71a4c39.png,brittle_star,brittle star,10
/home/tahiti/MARINE_DATASETS/FathomNet/images/Benthoctopus/f4e4715e-f33f-4852-b3ed-474d484f4da2.png,Benthoctopus,Benthoctopus,1
/home/tahiti/MARINE_DATASETS/FathomNet/images/Asthenactis_fisheri/11de7ae4-4f83-449b-b18c-f4552b5f3528.png,Asthenactis_fisheri,Asthenactis fisheri,0
/home/tahiti/MARINE_DATASETS/FathomNet/images/Corallimorpharia/db50e052-be69-499f-b1aa-e0f2950f47e3.png,Corallimorpharia,Corallimorpharia,3
/home/tahiti/MARINE_DATASETS/FathomNet/images/black_coral/e884e923-e7e8-4574-89f1-b181c12ee46d.png,black_coral,black coral,8
/home/tahiti/MARINE_DATASETS/FathomNet/images/coral_skeleton/e5059ee0-a6bc-4672-b2ff-b028e1d7a504.png,coral_skeleton,coral skeleton,12
/home/tahiti/MARINE_DATASETS/FathomNet/images/black_coral/80ad80c4-b7c9-4783-976a-71f8cd5d9e3b.png,black_coral,black coral,8
/home/tahiti/MARINE_DATASETS/FathomNet/images/Coralliidae/a96f6e07-43a0-4eae-8ab0-35aa778f9c1b.png,Coralliidae,Coralliidae,2
/home/tahiti/MARINE_DATASETS/FathomNet/images/coral_transplant_container/9bc698d4-5a25-43b4-8d37-3bdf67877219.png,coral_transplant_container,coral transplant container,13
/home/tahiti/MARINE_DATASETS/FathomNet/images/Asthenactis_fisheri/ed174dd4-62e0-40fe-a51f-0df2751884db.png,Asthenactis_fisheri,Asthenactis fisheri,0
/home/tahiti/MARINE_DATASETS/FathomNet/images/Asthenactis_fisheri/944dc603-b7ac-4250-a1fe-5791bf6f61c0.png,Asthenactis_fisheri,Asthenactis fisheri,0
/home/tahiti/MARINE_DATASETS/FathomNet/images/coral_transplant_container/b195eac2-7e11-45fa-8529-a0a8efc27688.png,coral_transplant_container,coral transplant container,13
/home/tahiti/MARINE_DATASETS/FathomNet/images/Corallimorphus/8f06eb17-1e27-4ed9-ae44-aea2ffa9ec30.png,Corallimorphus,Corallimorphus,5
/home/tahiti/MARINE_DATASETS/FathomNet/images/bony_fish/e3887dc1-c87c-4827-a67e-7ece5c333d45.png,bony_fish,bony fish,9
/home/tahiti/MARINE_DATASETS/FathomNet/images/Corallimorpharia/5d16538c-7f51-4706-8adf-3b13030d2175.png,Corallimorpharia,Corallimorpharia,3
/home/tahiti/MARINE_DATASETS/FathomNet/images/Coralliidae/bef8cd8d-1215-4570-938f-70ce5368bb08.png,Coralliidae,Coralliidae,2
/home/tahiti/MARINE_DATASETS/FathomNet/images/bony_fish/b395d816-ad3d-410e-93e3-f1c7db1b6e1c.png,bony_fish,bony fish,9
/home/tahiti/MARINE_DATASETS/FathomNet/images/Corallimorphus/e82bd8fe-4c78-4238-bdf6-f7457a97a507.png,Corallimorphus,Corallimorphus,5
/home/tahiti/MARINE_DATASETS/FathomNet/images/Corallimorphus_pilatus/b5a0e368-829b-4688-88ee-a1ce2fbc3504.png,Corallimorphus_pilatus,Corallimorphus pilatus,7
/home/tahiti/MARINE_DATASETS/FathomNet/images/coral/fe0481f6-29a9-4334-90d1-66f180f54bf1.jpg,coral,coral,11
/home/tahiti/MARINE_DATASETS/FathomNet/images/Corallimorphidae/7b7f9550-4bc4-45c3-a7b6-dcf799dcf2a6.png,Corallimorphidae,Corallimorphidae,4
/home/tahiti/MARINE_DATASETS/FathomNet/images/Asthenactis_fisheri/0e3607b9-d879-445e-ae35-1134f254e703.png,Asthenactis_fisheri,Asthenactis fisheri,0
/home/tahiti/MARINE_DATASETS/FathomNet/images/Corallimorphidae/0b604bf8-ce03-4cba-a9b7-1a19c077273d.png,Corallimorphidae,Corallimorphidae,4
/home/tahiti/MARINE_DATASETS/FathomNet/images/black_coral/c26cf1c2-e4b4-4edd-8354-460771a2b0f9.png,black_coral,black coral,8
/home/tahiti/MARINE_DATASETS/FathomNet/images/corallimorph/a9641707-9da5-4220-81a3-e681011953c0.jpg,corallimorph,corallimorph,14
/home/tahiti/MARINE_DATASETS/FathomNet/images/Coralliidae/e5059ee0-a6bc-4672-b2ff-b028e1d7a504.png,Coralliidae,Coralliidae,2
/home/tahiti/MARINE_DATASETS/FathomNet/images/coral/a8c5404c-f094-44f1-86d6-3676374dae24.jpg,coral,coral,11
/home/tahiti/MARINE_DATASETS/FathomNet/images/coral_skeleton/cf764e2c-b529-4857-9446-282ce19e7b49.png,coral_skeleton,coral skeleton,12
/home/tahiti/MARINE_DATASETS/FathomNet/images/corallimorph/71a5807e-5394-4e02-a949-6e8d83f04634.jpg,corallimorph,corallimorph,14
/home/tahiti/MARINE_DATASETS/FathomNet/images/Asthenactis_fisheri/c14228d9-ed4e-4f31-b04a-28cfaaee34d2.png,Asthenactis_fisheri,Asthenactis fisheri,0
/home/tahiti/MARINE_DATASETS/FathomNet/images/Asthenactis_fisheri/0f2bf031-6327-4747-a7b9-89de190ebb73.png,Asthenactis_fisheri,Asthenactis fisheri,0
/home/tahiti/MARINE_DATASETS/FathomNet/images/Coralliidae/6d8255a1-b6cd-4ecb-a48b-7f51f3a6296c.png,Coralliidae,Coralliidae,2
/home/tahiti/MARINE_DATASETS/FathomNet/images/black_coral/24c1d9c5-bddf-4594-9d3b-355676bc61c3.png,black_coral,black coral,8
/home/tahiti/MARINE_DATASETS/FathomNet/images/bony_fish/df9e321d-ade0-4940-930e-5124f6cb4874.png,bony_fish,bony fish,9
/home/tahiti/MARINE_DATASETS/FathomNet/images/brittle_star/41237989-ce56-4267-a0aa-529598ef8c53.png,brittle_star,brittle star,10
/home/tahiti/MARINE_DATASETS/FathomNet/images/Asthenactis_fisheri/3c5f0d74-aca8-4eff-a40a-79dec1831420.png,Asthenactis_fisheri,Asthenactis fisheri,0
/home/tahiti/MARINE_DATASETS/FathomNet/images/black_coral/c1ae0e1d-9283-476b-aebd-0d77be00db32.png,black_coral,black coral,8
/home/tahiti/MARINE_DATASETS/FathomNet/images/Corallimorphus/cc99d9eb-296b-45ca-827a-2b8cc84594a9.png,Corallimorphus,Corallimorphus,5
/home/tahiti/MARINE_DATASETS/FathomNet/images/brittle_star/203b515c-4da3-4848-906a-5c071885feac.png,brittle_star,brittle star,10
/home/tahiti/MARINE_DATASETS/FathomNet/images/Coralliidae/e10cfd54-4e49-4dbb-9af2-9342ca2d0326.png,Coralliidae,Coralliidae,2
/home/tahiti/MARINE_DATASETS/FathomNet/images/Corallimorphus_pilatus/694c586f-ca3f-4c57-8a27-bb9c386ea9da.png,Corallimorphus_pilatus,Corallimorphus pilatus,7
/home/tahiti/MARINE_DATASETS/FathomNet/images/Asthenactis_fisheri/d92fa1b8-d591-4a6b-a3d5-c9fd24e4fa45.png,Asthenactis_fisheri,Asthenactis fisheri,0
/home/tahiti/MARINE_DATASETS/FathomNet/images/Corallimorphus/977a561a-b49b-4de6-a3ce-52f1bc8a4dc8.png,Corallimorphus,Corallimorphus,5
/home/tahiti/MARINE_DATASETS/FathomNet/images/coral/af203b2d-232f-4024-ac01-8d580389da90.jpg,coral,coral,11
/home/tahiti/MARINE_DATASETS/FathomNet/images/brittle_star/fc874b38-33df-49e8-97cd-f2b5bb304b13.png,brittle_star,brittle star,10
/home/tahiti/MARINE_DATASETS/FathomNet/images/Asthenactis_fisheri/db99f0bc-90ff-48a1-952f-7ce0dc908f53.png,Asthenactis_fisheri,Asthenactis fisheri,0
/home/tahiti/MARINE_DATASETS/FathomNet/images/Corallimorphus/bcff46a9-36a8-4c6e-91b0-9347967f3936.png,Corallimorphus,Corallimorphus,5
/home/tahiti/MARINE_DATASETS/FathomNet/images/Asthenactis_fisheri/3ad54727-5b38-4fc0-babd-ada5e56da41e.png,Asthenactis_fisheri,Asthenactis fisheri,0
/home/tahiti/MARINE_DATASETS/FathomNet/images/Asthenactis_fisheri/3e1d0d6d-d137-4b39-8515-528c65f55a36.png,Asthenactis_fisheri,Asthenactis fisheri,0
/home/tahiti/MARINE_DATASETS/FathomNet/images/Corallimorphus_pilatus/9bf19e7a-2b2e-4968-8265-58c0e3c5ccdc.png,Corallimorphus_pilatus,Corallimorphus pilatus,7
/home/tahiti/MARINE_DATASETS/FathomNet/images/corallimorph/72b84cfd-beb4-4243-97fb-809637bc8d7c.png,corallimorph,corallimorph,14
/home/tahiti/MARINE_DATASETS/FathomNet/images/Coralliidae/7158ad3a-4999-4801-8cab-c618d3dbda57.png,Coralliidae,Coralliidae,2
/home/tahiti/MARINE_DATASETS/FathomNet/images/black_coral/d411815d-7eb5-49bd-b795-83e3d73d54b6.png,black_coral,black coral,8
/home/tahiti/MARINE_DATASETS/FathomNet/images/coral_skeleton/c40c1a6e-7438-46ca-a614-9e9d6c8827e1.png,coral_skeleton,coral skeleton,12
/home/tahiti/MARINE_DATASETS/FathomNet/images/bony_fish/cff9ff91-7081-4502-821d-1e797a873f32.png,bony_fish,bony fish,9
/home/tahiti/MARINE_DATASETS/FathomNet/images/Asthenactis_fisheri/672170b8-930d-4f8b-80cf-37ee325d1993.png,Asthenactis_fisheri,Asthenactis fisheri,0
/home/tahiti/MARINE_DATASETS/FathomNet/images/Coralliidae/7292098a-e225-4bf3-a702-f5d3c3b41366.png,Coralliidae,Coralliidae,2
/home/tahiti/MARINE_DATASETS/FathomNet/images/coral/8ccba459-ad84-4868-a392-759f7762ee74.jpg,coral,coral,11
/home/tahiti/MARINE_DATASETS/FathomNet/images/Coralliidae/06831fb3-b25e-4f88-a476-2763c847ec90.png,Coralliidae,Coralliidae,2
/home/tahiti/MARINE_DATASETS/FathomNet/images/Corallimorphus_pilatus/95490de7-94da-48f6-bfb0-82b81eb2e9c9.png,Corallimorphus_pilatus,Corallimorphus pilatus,7
/home/tahiti/MARINE_DATASETS/FathomNet/images/black_coral/9a8e1288-dee1-4e06-bb73-0cb43fb28c79.jpg,black_coral,black coral,8
/home/tahiti/MARINE_DATASETS/FathomNet/images/brittle_star/bac50a2e-1cc4-4f1e-92f3-e795d14c316d.png,brittle_star,brittle star,10
/home/tahiti/MARINE_DATASETS/FathomNet/images/Corallimorphus/29a901b2-22d9-4eea-9d7c-105a705193a0.png,Corallimorphus,Corallimorphus,5
/home/tahiti/MARINE_DATASETS/FathomNet/images/Corallimorphus_pilatus/6fdd11bc-797f-434b-bc8a-33ecc8c3751a.png,Corallimorphus_pilatus,Corallimorphus pilatus,7
/home/tahiti/MARINE_DATASETS/FathomNet/images/black_coral/d34980fc-78be-4495-af55-b9cf98fb3fbb.png,black_coral,black coral,8
/home/tahiti/MARINE_DATASETS/FathomNet/images/brittle_star/b61c3d4b-37a4-4476-8270-b860d02405c3.png,brittle_star,brittle star,10
/home/tahiti/MARINE_DATASETS/FathomNet/images/coral/79f9e192-0c55-4bb9-9c1c-41fc11383f21.jpg,coral,coral,11
/home/tahiti/MARINE_DATASETS/FathomNet/images/Corallimorphus/6a62fed1-52d8-4c6c-80d5-1ef13b18554c.png,Corallimorphus,Corallimorphus,5
/home/tahiti/MARINE_DATASETS/FathomNet/images/black_coral/e68fda9b-2a43-451b-aa76-c082b144e17c.png,black_coral,black coral,8
/home/tahiti/MARINE_DATASETS/FathomNet/images/bony_fish/840ea608-9cc2-4583-a01f-91ba4f64a770.png,bony_fish,bony fish,9
/home/tahiti/MARINE_DATASETS/FathomNet/images/Corallimorphus_cf._pilatus/7346461f-90f1-4e7d-9ffc-132bea579761.png,Corallimorphus_cf._pilatus,Corallimorphus cf. pilatus,6
/home/tahiti/MARINE_DATASETS/FathomNet/images/coral_skeleton/6cfda72c-6af5-4dc2-b49f-2658624910ba.png,coral_skeleton,coral skeleton,12
/home/tahiti/MARINE_DATASETS/FathomNet/images/Asthenactis_fisheri/c3e91a0d-5a23-4924-aef7-3f9031363111.png,Asthenactis_fisheri,Asthenactis fisheri,0
/home/tahiti/MARINE_DATASETS/FathomNet/images/Corallimorphus/ee6ab2dd-449f-485e-8695-c0034a3be53b.png,Corallimorphus,Corallimorphus,5
/home/tahiti/MARINE_DATASETS/FathomNet/images/Coralliidae/8ff55877-c374-476c-9171-492a5c3f36a7.png,Coralliidae,Coralliidae,2
/home/tahiti/MARINE_DATASETS/FathomNet/images/bony_fish/2c4a83db-fcd4-407e-9359-7104f905bf42.png,bony_fish,bony fish,9
/home/tahiti/MARINE_DATASETS/FathomNet/images/black_coral/22a31b9e-f3f0-43bd-b8db-65460471b192.png,black_coral,black coral,8
/home/tahiti/MARINE_DATASETS/FathomNet/images/bony_fish/44adf2ea-6637-4289-b041-8c37aebf0b50.png,bony_fish,bony fish,9
/home/tahiti/MARINE_DATASETS/FathomNet/images/coral/30468e39-1326-4a64-84d3-16a7902fb543.jpg,coral,coral,11
/home/tahiti/MARINE_DATASETS/FathomNet/images/Asthenactis_fisheri/f635f3b5-4935-4590-aeb3-fbaf0be6302d.png,Asthenactis_fisheri,Asthenactis fisheri,0
/home/tahiti/MARINE_DATASETS/FathomNet/images/corallimorph/bb64f601-11b6-4b09-ac6d-0ee6c19707b7.jpg,corallimorph,corallimorph,14
/home/tahiti/MARINE_DATASETS/FathomNet/images/black_coral/5e630e24-0e96-4d80-bf7e-7cc75c7313fa.png,black_coral,black coral,8
/home/tahiti/MARINE_DATASETS/FathomNet/images/Coralliidae/b1b740dc-9304-4565-b6f2-6ebc50f795ac.png,Coralliidae,Coralliidae,2
/home/tahiti/MARINE_DATASETS/FathomNet/images/brittle_star/4d11e07d-f08f-4363-aeda-fdba9641f181.png,brittle_star,brittle star,10
/home/tahiti/MARINE_DATASETS/FathomNet/images/Asthenactis_fisheri/003ad516-aacb-4b9b-bc86-0e17b2d83079.png,Asthenactis_fisheri,Asthenactis fisheri,0
/home/tahiti/MARINE_DATASETS/FathomNet/images/Corallimorphus_cf._pilatus/8d5091b1-6117-4a86-92be-09544d6fbc5a.jpg,Corallimorphus_cf._pilatus,Corallimorphus cf. pilatus,6
/home/tahiti/MARINE_DATASETS/FathomNet/images/Corallimorphus_pilatus/bf866f65-40a1-4924-a94f-048472a0f9d6.png,Corallimorphus_pilatus,Corallimorphus pilatus,7
/home/tahiti/MARINE_DATASETS/FathomNet/images/Corallimorpharia/a036208c-3425-493e-b614-1d72a1668641.png,Corallimorpharia,Corallimorpharia,3
/home/tahiti/MARINE_DATASETS/FathomNet/images/coral/94665b69-de20-4ec6-95bb-52a71f3e6b11.jpg,coral,coral,11
/home/tahiti/MARINE_DATASETS/FathomNet/images/coral_skeleton/a5634fc5-a083-4718-9b9b-389bde187eb7.png,coral_skeleton,coral skeleton,12
/home/tahiti/MARINE_DATASETS/FathomNet/images/corallimorph/cd38e9b8-0b25-497c-958a-2aa4a60091a4.png,corallimorph,corallimorph,14
/home/tahiti/MARINE_DATASETS/FathomNet/images/Corallimorphus_pilatus/ad158c08-70dc-4ccd-80ca-1006dcdc9bd5.png,Corallimorphus_pilatus,Corallimorphus pilatus,7
/home/tahiti/MARINE_DATASETS/FathomNet/images/black_coral/204a803a-afce-443c-8af3-030e5af2fff5.png,black_coral,black coral,8
/home/tahiti/MARINE_DATASETS/FathomNet/images/coral_transplant_container/0b9f82b4-8dcd-4734-9c77-ec5823ae8b9e.png,coral_transplant_container,coral transplant container,13
/home/tahiti/MARINE_DATASETS/FathomNet/images/Corallimorpharia/5dd32f22-121d-444f-b4b8-d2dad326b3bc.png,Corallimorpharia,Corallimorpharia,3
/home/tahiti/MARINE_DATASETS/FathomNet/images/Corallimorphus_pilatus/52781f17-1672-48aa-b03c-18d36a8a38d8.png,Corallimorphus_pilatus,Corallimorphus pilatus,7
/home/tahiti/MARINE_DATASETS/FathomNet/images/Coralliidae/efeccad4-63e4-4697-8e52-93baf9bfe8ab.png,Coralliidae,Coralliidae,2
/home/tahiti/MARINE_DATASETS/FathomNet/images/Corallimorphus_pilatus/a68029ec-2056-456a-b095-a298e139c255.png,Corallimorphus_pilatus,Corallimorphus pilatus,7
/home/tahiti/MARINE_DATASETS/FathomNet/images/coral_skeleton/145ae1fd-4b58-4019-be3a-fe832b8cfc46.png,coral_skeleton,coral skeleton,12
/home/tahiti/MARINE_DATASETS/FathomNet/images/bony_fish/53f4d65e-5cdf-461f-bac4-4735010bb252.png,bony_fish,bony fish,9
/home/tahiti/MARINE_DATASETS/FathomNet/images/Asthenactis_fisheri/6cf478dc-5ee4-4d48-9bfd-703edd0fe283.png,Asthenactis_fisheri,Asthenactis fisheri,0
/home/tahiti/MARINE_DATASETS/FathomNet/images/Coralliidae/ebab435b-572e-43ab-92ea-9c7a711afe6b.png,Coralliidae,Coralliidae,2
/home/tahiti/MARINE_DATASETS/FathomNet/images/brittle_star/1f0f8b98-1c63-453d-af62-b5c94cba20b4.png,brittle_star,brittle star,10
/home/tahiti/MARINE_DATASETS/FathomNet/images/brittle_star/55d11337-8eee-4b2d-8e78-025070534bd8.png,brittle_star,brittle star,10
/home/tahiti/MARINE_DATASETS/FathomNet/images/black_coral/ea26316f-758c-4417-960d-0088a7366b05.png,black_coral,black coral,8
/home/tahiti/MARINE_DATASETS/FathomNet/images/coral_skeleton/15aab6a9-bd61-49b3-9afa-1d14348e1dad.png,coral_skeleton,coral skeleton,12
/home/tahiti/MARINE_DATASETS/FathomNet/images/coral/e5c65cc8-c6d5-4508-a915-3c269381e547.jpg,coral,coral,11
/home/tahiti/MARINE_DATASETS/FathomNet/images/Asthenactis_fisheri/b27206d7-5585-49aa-9f79-958e2349d831.png,Asthenactis_fisheri,Asthenactis fisheri,0
/home/tahiti/MARINE_DATASETS/FathomNet/images/Corallimorphus_pilatus/e8149a82-757c-4209-a037-8b0c897865a2.png,Corallimorphus_pilatus,Corallimorphus pilatus,7
/home/tahiti/MARINE_DATASETS/FathomNet/images/Corallimorphus_pilatus/480d2b0c-25a1-424e-974d-7cdf68e0292d.png,Corallimorphus_pilatus,Corallimorphus pilatus,7
/home/tahiti/MARINE_DATASETS/FathomNet/images/coral_skeleton/86a308e0-05b9-428b-acdb-3c12e601b7a0.png,coral_skeleton,coral skeleton,12
/home/tahiti/MARINE_DATASETS/FathomNet/images/brittle_star/a697016c-1822-40f4-9118-fd617cca0763.png,brittle_star,brittle star,10
/home/tahiti/MARINE_DATASETS/FathomNet/images/Coralliidae/baeed423-3963-4bff-bdf9-03eb7ff4a40a.png,Coralliidae,Coralliidae,2
/home/tahiti/MARINE_DATASETS/FathomNet/images/Corallimorphus_pilatus/56394eee-d7ae-4e9b-9e6f-47eb44877cb0.png,Corallimorphus_pilatus,Corallimorphus pilatus,7
/home/tahiti/MARINE_DATASETS/FathomNet/images/coral_skeleton/db4e25ea-b567-46ba-9293-d8e75a43af2c.png,coral_skeleton,coral skeleton,12
/home/tahiti/MARINE_DATASETS/FathomNet/images/bony_fish/109bf3ac-5f80-45b2-84b9-38777e4f7f99.png,bony_fish,bony fish,9
/home/tahiti/MARINE_DATASETS/FathomNet/images/Benthoctopus/acc75aeb-1d9f-4ee0-86e1-ba41c59f5960.png,Benthoctopus,Benthoctopus,1
/home/tahiti/MARINE_DATASETS/FathomNet/images/black_coral/5fab5f88-4597-40bb-8f18-cbd9695f40ab.png,black_coral,black coral,8
/home/tahiti/MARINE_DATASETS/FathomNet/images/Corallimorphus_pilatus/34bafb90-2188-4fcb-b5fd-e80f83d4888f.png,Corallimorphus_pilatus,Corallimorphus pilatus,7
/home/tahiti/MARINE_DATASETS/FathomNet/images/Asthenactis_fisheri/3d26e647-5315-4629-bb9d-d74e5baf8a64.png,Asthenactis_fisheri,Asthenactis fisheri,0
/home/tahiti/MARINE_DATASETS/FathomNet/images/brittle_star/1b0f93a8-e6fa-4e67-89a0-7e423b05b984.png,brittle_star,brittle star,10
/home/tahiti/MARINE_DATASETS/FathomNet/images/brittle_star/bf59f3e9-e012-4ab3-84ed-e3dcb7d3ee5c.png,brittle_star,brittle star,10
/home/tahiti/MARINE_DATASETS/FathomNet/images/brittle_star/326887ef-9953-4766-8712-77bae8149cd0.png,brittle_star,brittle star,10
/home/tahiti/MARINE_DATASETS/FathomNet/images/Asthenactis_fisheri/28183005-03c3-4080-b40f-8ed7b9d781ac.png,Asthenactis_fisheri,Asthenactis fisheri,0
/home/tahiti/MARINE_DATASETS/FathomNet/images/bony_fish/7d0f2cee-f20c-478d-8de8-9bcabc7bea1a.png,bony_fish,bony fish,9
/home/tahiti/MARINE_DATASETS/FathomNet/images/bony_fish/392ae972-f9af-4c17-b09d-8e97ee628a3e.png,bony_fish,bony fish,9
/home/tahiti/MARINE_DATASETS/FathomNet/images/bony_fish/dcc3efe4-a8df-41e1-8a16-d1580587d43d.png,bony_fish,bony fish,9
/home/tahiti/MARINE_DATASETS/FathomNet/images/bony_fish/c946b112-bff7-4e66-9e96-d9baa5e3a474.png,bony_fish,bony fish,9
/home/tahiti/MARINE_DATASETS/FathomNet/images/Coralliidae/8ef2b019-25f4-4640-a0d7-42fb0c8dff19.png,Coralliidae,Coralliidae,2
/home/tahiti/MARINE_DATASETS/FathomNet/images/coral/511dcc66-0984-4004-b198-0c3546633603.jpg,coral,coral,11
/home/tahiti/MARINE_DATASETS/FathomNet/images/bony_fish/a41688a0-9a6b-4f2a-ae0a-de322fc9e27e.png,bony_fish,bony fish,9
/home/tahiti/MARINE_DATASETS/FathomNet/images/brittle_star/0abddd55-4230-4aff-a382-ffc8a809731a.png,brittle_star,brittle star,10
/home/tahiti/MARINE_DATASETS/FathomNet/images/brittle_star/efdbc5ca-2fc1-4855-9d00-8f4f0b458432.png,brittle_star,brittle star,10
/home/tahiti/MARINE_DATASETS/FathomNet/images/brittle_star/27bb1ddd-93a9-4238-9b0e-d1c46af6c56b.png,brittle_star,brittle star,10
/home/tahiti/MARINE_DATASETS/FathomNet/images/Coralliidae/f0a9204a-8820-45cd-b6dc-7c0468fbcccc.png,Coralliidae,Coralliidae,2
/home/tahiti/MARINE_DATASETS/FathomNet/images/Asthenactis_fisheri/062d1fa6-8656-4758-9a00-fd222dbb045a.png,Asthenactis_fisheri,Asthenactis fisheri,0
/home/tahiti/MARINE_DATASETS/FathomNet/images/coral_skeleton/a53b575d-ea23-46d5-832c-14e7e7bf782e.png,coral_skeleton,coral skeleton,12
/home/tahiti/MARINE_DATASETS/FathomNet/images/Asthenactis_fisheri/ddda43dd-77e2-4907-8eda-d1bc575ed3f7.png,Asthenactis_fisheri,Asthenactis fisheri,0
/home/tahiti/MARINE_DATASETS/FathomNet/images/black_coral/054dc81c-c8f6-40fa-a080-8c7c863d1ce7.png,black_coral,black coral,8
/home/tahiti/MARINE_DATASETS/FathomNet/images/bony_fish/6faa3709-00ca-4659-84e0-aa18ddb8f65e.png,bony_fish,bony fish,9
/home/tahiti/MARINE_DATASETS/FathomNet/images/Corallimorphus_pilatus/08ef2d1c-ca8e-4bf6-a089-a80d7b001efd.png,Corallimorphus_pilatus,Corallimorphus pilatus,7
/home/tahiti/MARINE_DATASETS/FathomNet/images/Corallimorphus_pilatus/2eb95b41-550c-42de-b35f-aa6caf166f2e.png,Corallimorphus_pilatus,Corallimorphus pilatus,7
/home/tahiti/MARINE_DATASETS/FathomNet/images/Corallimorphus/eea85eb3-1cc6-4714-9a9f-99d01bafbb8a.png,Corallimorphus,Corallimorphus,5
/home/tahiti/MARINE_DATASETS/FathomNet/images/Corallimorphus_pilatus/821f4e11-35b2-4c00-8fd4-5b903989da27.png,Corallimorphus_pilatus,Corallimorphus pilatus,7
/home/tahiti/MARINE_DATASETS/FathomNet/images/Corallimorphus_pilatus/a73c822b-99f8-4e35-a9c5-faef1f0f1f50.png,Corallimorphus_pilatus,Corallimorphus pilatus,7
/home/tahiti/MARINE_DATASETS/FathomNet/images/bony_fish/e9310420-c425-449f-b4dc-fb22401ce646.png,bony_fish,bony fish,9
/home/tahiti/MARINE_DATASETS/FathomNet/images/black_coral/c72cf5ea-dafd-48c0-8688-ce9f08ca75be.png,black_coral,black coral,8
/home/tahiti/MARINE_DATASETS/FathomNet/images/bony_fish/1048c965-0c3f-4424-abb1-2ef32cdccfaa.png,bony_fish,bony fish,9
/home/tahiti/MARINE_DATASETS/FathomNet/images/coral_skeleton/f0a9204a-8820-45cd-b6dc-7c0468fbcccc.png,coral_skeleton,coral skeleton,12
/home/tahiti/MARINE_DATASETS/FathomNet/images/Corallimorphus_pilatus/14424a0d-e1c2-4895-9026-88ce3b0a948c.png,Corallimorphus_pilatus,Corallimorphus pilatus,7
/home/tahiti/MARINE_DATASETS/FathomNet/images/corallimorph/dac005da-35d6-423e-ace6-8bdd106025ac.jpg,corallimorph,corallimorph,14
/home/tahiti/MARINE_DATASETS/FathomNet/images/Corallimorphus_pilatus/1f8cd0a5-07cb-4b2e-bd6b-27b04906f25d.png,Corallimorphus_pilatus,Corallimorphus pilatus,7
/home/tahiti/MARINE_DATASETS/FathomNet/images/Corallimorphus_pilatus/5a38e999-8343-4de3-89d1-51a7e1c7e939.png,Corallimorphus_pilatus,Corallimorphus pilatus,7
/home/tahiti/MARINE_DATASETS/FathomNet/images/Corallimorphus_pilatus/c9be4c66-dce3-4f80-8751-f642cb4d52f3.png,Corallimorphus_pilatus,Corallimorphus pilatus,7
/home/tahiti/MARINE_DATASETS/FathomNet/images/coral/2f3c8638-e6aa-4aa6-88ec-463fb60d1ce5.jpg,coral,coral,11
/home/tahiti/MARINE_DATASETS/FathomNet/images/Corallimorphidae/a3ec0eeb-448f-4060-8963-000897522f3e.png,Corallimorphidae,Corallimorphidae,4
/home/tahiti/MARINE_DATASETS/FathomNet/images/bony_fish/ffeda0e6-6b94-4dc6-9870-71f8e63b839f.png,bony_fish,bony fish,9
/home/tahiti/MARINE_DATASETS/FathomNet/images/black_coral/982c529c-1f9a-401c-a55f-ab6d54d481f7.png,black_coral,black coral,8
/home/tahiti/MARINE_DATASETS/FathomNet/images/black_coral/bb3e262a-6e99-47af-96dc-8972461691f8.png,black_coral,black coral,8
/home/tahiti/MARINE_DATASETS/FathomNet/images/coral_skeleton/9bacd496-09c3-4b98-8360-c8b7ec17b796.png,coral_skeleton,coral skeleton,12
/home/tahiti/MARINE_DATASETS/FathomNet/images/coral_skeleton/bb5ec46d-c874-4a43-87df-ec1974e31252.png,coral_skeleton,coral skeleton,12
/home/tahiti/MARINE_DATASETS/FathomNet/images/corallimorph/53a42691-04b6-4334-82fc-b4f1241e013c.png,corallimorph,corallimorph,14
/home/tahiti/MARINE_DATASETS/FathomNet/images/corallimorph/c69e470d-6bc8-4ba9-8a2f-9a42136f2bec.jpg,corallimorph,corallimorph,14
/home/tahiti/MARINE_DATASETS/FathomNet/images/coral/463dce9f-a9a7-4089-8a75-58982e67bb83.jpg,coral,coral,11
/home/tahiti/MARINE_DATASETS/FathomNet/images/Corallimorphus/2ea78628-aadc-4914-8cad-00adbf002dbf.png,Corallimorphus,Corallimorphus,5
/home/tahiti/MARINE_DATASETS/FathomNet/images/Corallimorphidae/6611ff29-ad15-49bd-995a-308189011335.png,Corallimorphidae,Corallimorphidae,4
/home/tahiti/MARINE_DATASETS/FathomNet/images/brittle_star/983f7898-6a86-46ee-9501-1812d47e2b12.png,brittle_star,brittle star,10
/home/tahiti/MARINE_DATASETS/FathomNet/images/corallimorph/7630775a-7378-40cc-8ebd-90f6d368cf72.jpg,corallimorph,corallimorph,14
/home/tahiti/MARINE_DATASETS/FathomNet/images/bony_fish/c4591e04-807c-4246-88b7-a9bc28c563ed.png,bony_fish,bony fish,9
/home/tahiti/MARINE_DATASETS/FathomNet/images/black_coral/2bc9c867-65d7-49a0-b4de-2d028ac12cb2.png,black_coral,black coral,8
/home/tahiti/MARINE_DATASETS/FathomNet/images/Corallimorphus/bdb39659-810c-481f-a0a3-86b5f19d561c.png,Corallimorphus,Corallimorphus,5
/home/tahiti/MARINE_DATASETS/FathomNet/images/bony_fish/9ed916f4-b59e-43b0-963d-2877ab399c29.png,bony_fish,bony fish,9
/home/tahiti/MARINE_DATASETS/FathomNet/images/bony_fish/356694e9-9e07-45ae-b40f-0b9a21523bf6.png,bony_fish,bony fish,9
/home/tahiti/MARINE_DATASETS/FathomNet/images/corallimorph/6f5defdf-b52a-40cc-b31e-1ef38328823d.png,corallimorph,corallimorph,14
/home/tahiti/MARINE_DATASETS/FathomNet/images/brittle_star/90e878ec-cd77-42a9-958e-3945f3b8b3ab.png,brittle_star,brittle star,10
/home/tahiti/MARINE_DATASETS/FathomNet/images/Corallimorphus_pilatus/53fa64a4-d233-4e7f-abf4-083f72a39cde.png,Corallimorphus_pilatus,Corallimorphus pilatus,7
/home/tahiti/MARINE_DATASETS/FathomNet/images/Coralliidae/06d869d4-2df6-4824-93cd-437d82d0e46a.png,Coralliidae,Coralliidae,2
/home/tahiti/MARINE_DATASETS/FathomNet/images/Corallimorphus_cf._pilatus/e40eb901-67a4-4d41-a681-2fa0dfbba527.jpg,Corallimorphus_cf._pilatus,Corallimorphus cf. pilatus,6
/home/tahiti/MARINE_DATASETS/FathomNet/images/coral/d25d948f-569b-4320-a5fc-b65ec226a82b.jpg,coral,coral,11
/home/tahiti/MARINE_DATASETS/FathomNet/images/brittle_star/d58cb5fc-c0ea-4621-ba0a-e34b7032d3bb.png,brittle_star,brittle star,10
/home/tahiti/MARINE_DATASETS/FathomNet/images/black_coral/ad0b9140-d280-48d5-8c63-2af534c077ad.png,black_coral,black coral,8
/home/tahiti/MARINE_DATASETS/FathomNet/images/coral/6dde13d5-0809-4069-9d09-fbb2e33c8d3f.jpg,coral,coral,11
/home/tahiti/MARINE_DATASETS/FathomNet/images/Corallimorphidae/9845355f-ef70-44ba-9a77-77885808c63b.png,Corallimorphidae,Corallimorphidae,4
/home/tahiti/MARINE_DATASETS/FathomNet/images/coral_skeleton/977665ba-5ba6-4031-8ea5-f3ca8d6a7a74.png,coral_skeleton,coral skeleton,12
/home/tahiti/MARINE_DATASETS/FathomNet/images/corallimorph/6b125d3b-deb9-4469-840c-43748e45d15f.png,corallimorph,corallimorph,14
/home/tahiti/MARINE_DATASETS/FathomNet/images/brittle_star/8bf3835e-e08a-466d-ba46-a12a048729ff.png,brittle_star,brittle star,10
/home/tahiti/MARINE_DATASETS/FathomNet/images/black_coral/86875086-f180-4480-8c77-ffc5b1d4ee46.png,black_coral,black coral,8
/home/tahiti/MARINE_DATASETS/FathomNet/images/Corallimorphus_pilatus/1473ec17-c9e1-4ed0-9a17-dc660c0d83ac.png,Corallimorphus_pilatus,Corallimorphus pilatus,7
/home/tahiti/MARINE_DATASETS/FathomNet/images/coral_skeleton/c4a70d1d-1f03-4465-995d-f0bccb4ff27e.png,coral_skeleton,coral skeleton,12
/home/tahiti/MARINE_DATASETS/FathomNet/images/Coralliidae/76e55cdb-45af-46d6-9b44-7a88b1750b58.png,Coralliidae,Coralliidae,2
/home/tahiti/MARINE_DATASETS/FathomNet/images/brittle_star/ca0cd32d-3cc1-4b3e-9615-ae722ada2bf6.png,brittle_star,brittle star,10
/home/tahiti/MARINE_DATASETS/FathomNet/images/Corallimorphus/55bb2e5e-a9c1-42c1-b008-079221f07a26.png,Corallimorphus,Corallimorphus,5
/home/tahiti/MARINE_DATASETS/FathomNet/images/Asthenactis_fisheri/c2680d32-aa4c-49d5-92ab-103a5d24a6d3.png,Asthenactis_fisheri,Asthenactis fisheri,0
/home/tahiti/MARINE_DATASETS/FathomNet/images/Corallimorphus_pilatus/92c181d3-11ea-4a59-b10b-d3da5ae1fadd.png,Corallimorphus_pilatus,Corallimorphus pilatus,7
/home/tahiti/MARINE_DATASETS/FathomNet/images/coral/a7c6245c-1b74-4a70-a04a-a99617cb5a3d.jpg,coral,coral,11
/home/tahiti/MARINE_DATASETS/FathomNet/images/corallimorph/f8a11484-b29e-4673-8af4-0157ff61b6df.png,corallimorph,corallimorph,14
/home/tahiti/MARINE_DATASETS/FathomNet/images/Asthenactis_fisheri/42e35c33-b956-4405-8490-4ff3faa50685.png,Asthenactis_fisheri,Asthenactis fisheri,0
/home/tahiti/MARINE_DATASETS/FathomNet/images/brittle_star/cefc5468-7671-479d-af1a-16755e6afd3f.png,brittle_star,brittle star,10
/home/tahiti/MARINE_DATASETS/FathomNet/images/corallimorph/ddd0a082-b534-469d-9ea9-b09ab42300b0.png,corallimorph,corallimorph,14
/home/tahiti/MARINE_DATASETS/FathomNet/images/corallimorph/7f894189-0980-410c-af32-a14a661d690e.jpg,corallimorph,corallimorph,14
/home/tahiti/MARINE_DATASETS/FathomNet/images/corallimorph/2fb08502-98cb-465b-9b72-7771c2dfabcc.png,corallimorph,corallimorph,14
/home/tahiti/MARINE_DATASETS/FathomNet/images/bony_fish/ce5a2ce3-d3d0-4fba-87f2-94b325e98a63.png,bony_fish,bony fish,9
/home/tahiti/MARINE_DATASETS/FathomNet/images/Corallimorphus/9bf19e7a-2b2e-4968-8265-58c0e3c5ccdc.png,Corallimorphus,Corallimorphus,5
/home/tahiti/MARINE_DATASETS/FathomNet/images/corallimorph/1194245d-21a9-4606-8f84-ee6bd1026c45.png,corallimorph,corallimorph,14
/home/tahiti/MARINE_DATASETS/FathomNet/images/coral/39a56096-618a-4312-8c87-ff9971e242d6.jpg,coral,coral,11
/home/tahiti/MARINE_DATASETS/FathomNet/images/brittle_star/85734bed-3775-467b-915d-d50e47c8ef7b.png,brittle_star,brittle star,10
/home/tahiti/MARINE_DATASETS/FathomNet/images/coral_skeleton/495bf9cc-86d2-4d27-be17-ac00aee0a6ce.png,coral_skeleton,coral skeleton,12
/home/tahiti/MARINE_DATASETS/FathomNet/images/coral/3372e50c-dbf8-4847-b0d4-300626a62969.jpg,coral,coral,11
/home/tahiti/MARINE_DATASETS/FathomNet/images/black_coral/53276fbe-8224-49c8-992e-0afb588fc933.png,black_coral,black coral,8
/home/tahiti/MARINE_DATASETS/FathomNet/images/corallimorph/db8908dc-0797-4d6b-8fd9-f67531c41ae7.jpg,corallimorph,corallimorph,14
/home/tahiti/MARINE_DATASETS/FathomNet/images/Coralliidae/5a18be89-1557-47dd-826e-283c970d93fc.png,Coralliidae,Coralliidae,2
/home/tahiti/MARINE_DATASETS/FathomNet/images/coral/44bb7872-be92-4395-8c55-2be0feb3db2d.jpg,coral,coral,11
/home/tahiti/MARINE_DATASETS/FathomNet/images/bony_fish/9ce080d1-96a4-4f08-8065-7db3b3a33f85.png,bony_fish,bony fish,9
/home/tahiti/MARINE_DATASETS/FathomNet/images/black_coral/879bffe3-be78-482d-85be-b548a7bbe7a9.png,black_coral,black coral,8
/home/tahiti/MARINE_DATASETS/FathomNet/images/black_coral/135627a3-3d26-488e-b64e-5c1e07dc1bf2.png,black_coral,black coral,8
/home/tahiti/MARINE_DATASETS/FathomNet/images/Asthenactis_fisheri/c2647b03-5e85-48ac-8a24-97f88d1dd675.png,Asthenactis_fisheri,Asthenactis fisheri,0
/home/tahiti/MARINE_DATASETS/FathomNet/images/coral/96d2ae3b-51cd-4c8f-8747-8814bf8b2056.png,coral,coral,11
/home/tahiti/MARINE_DATASETS/FathomNet/images/bony_fish/f96fa5f3-39a3-498e-b02a-0e99a4d84962.png,bony_fish,bony fish,9
/home/tahiti/MARINE_DATASETS/FathomNet/images/coral/90670180-5856-4a83-8a21-d4857d91878a.jpg,coral,coral,11
/home/tahiti/MARINE_DATASETS/FathomNet/images/Asthenactis_fisheri/2635001a-6840-490b-bc31-363e4ed24e8c.png,Asthenactis_fisheri,Asthenactis fisheri,0
/home/tahiti/MARINE_DATASETS/FathomNet/images/Coralliidae/95a4477c-ff1c-4d05-b0a0-faa15d8c3202.png,Coralliidae,Coralliidae,2
/home/tahiti/MARINE_DATASETS/FathomNet/images/Corallimorphus_pilatus/17921bc2-0689-471e-80f3-1af55a0e621d.png,Corallimorphus_pilatus,Corallimorphus pilatus,7
/home/tahiti/MARINE_DATASETS/FathomNet/images/Asthenactis_fisheri/d939979d-3bf2-4cee-9aa2-d5c5d6c5448a.png,Asthenactis_fisheri,Asthenactis fisheri,0
/home/tahiti/MARINE_DATASETS/FathomNet/images/black_coral/c73f345c-7ecd-4851-9752-478e18b387ee.png,black_coral,black coral,8
/home/tahiti/MARINE_DATASETS/FathomNet/images/Coralliidae/03ce8ae5-3003-4853-b910-0f292c3becae.png,Coralliidae,Coralliidae,2
/home/tahiti/MARINE_DATASETS/FathomNet/images/Corallimorphidae/de48f996-bf16-472f-a12d-26f0c663c1b8.png,Corallimorphidae,Corallimorphidae,4
/home/tahiti/MARINE_DATASETS/FathomNet/images/Coralliidae/25e7b572-ab00-4af4-b8cf-0a6db1ab6968.png,Coralliidae,Coralliidae,2
/home/tahiti/MARINE_DATASETS/FathomNet/images/coral/41b5aaeb-7a9d-4b38-9df6-2c6d3c99be35.jpg,coral,coral,11
/home/tahiti/MARINE_DATASETS/FathomNet/images/Coralliidae/9a1bd3ec-426d-4c24-83be-7fe04fd5e336.png,Coralliidae,Coralliidae,2
/home/tahiti/MARINE_DATASETS/FathomNet/images/Corallimorphus_pilatus/610747b3-5e8f-47c9-865d-583fb791dfbc.png,Corallimorphus_pilatus,Corallimorphus pilatus,7
/home/tahiti/MARINE_DATASETS/FathomNet/images/corallimorph/bd3264f2-a356-48ae-85be-873d310067c6.jpg,corallimorph,corallimorph,14
/home/tahiti/MARINE_DATASETS/FathomNet/images/corallimorph/69396d2f-6097-4453-abc9-6116b104d072.jpg,corallimorph,corallimorph,14
/home/tahiti/MARINE_DATASETS/FathomNet/images/coral_skeleton/661bfc31-db28-45eb-9db8-c887b83ad41f.png,coral_skeleton,coral skeleton,12
/home/tahiti/MARINE_DATASETS/FathomNet/images/corallimorph/a9c91eb3-5043-453f-bc45-1492201a97d1.png,corallimorph,corallimorph,14
/home/tahiti/MARINE_DATASETS/FathomNet/images/Asthenactis_fisheri/03960a85-bb90-4cc2-b999-3ec7cca4a413.png,Asthenactis_fisheri,Asthenactis fisheri,0
/home/tahiti/MARINE_DATASETS/FathomNet/images/Corallimorphus/585ebbda-4a38-4fb2-9cb4-2a88020d6673.png,Corallimorphus,Corallimorphus,5
/home/tahiti/MARINE_DATASETS/FathomNet/images/Coralliidae/70de3c7d-cf08-4d8a-ab75-f69b79644bd9.png,Coralliidae,Coralliidae,2
/home/tahiti/MARINE_DATASETS/FathomNet/images/brittle_star/bfc94aa3-4b25-4888-b3d7-be07f7631fd3.png,brittle_star,brittle star,10
/home/tahiti/MARINE_DATASETS/FathomNet/images/coral/3c8eb830-57ff-41e9-bbd4-b130bcdc251c.jpg,coral,coral,11
/home/tahiti/MARINE_DATASETS/FathomNet/images/brittle_star/771202e8-5f96-439c-98b8-fb4aa1506e48.png,brittle_star,brittle star,10
/home/tahiti/MARINE_DATASETS/FathomNet/images/Benthoctopus/69c042af-88e5-4fa0-82f1-be5897a36951.png,Benthoctopus,Benthoctopus,1
/home/tahiti/MARINE_DATASETS/FathomNet/images/brittle_star/52614b92-5a42-4fd4-bbe0-c458e0b25d6b.png,brittle_star,brittle star,10
/home/tahiti/MARINE_DATASETS/FathomNet/images/brittle_star/a38a647e-eb85-4a6f-9fe3-49eaca0d0ba6.png,brittle_star,brittle star,10
/home/tahiti/MARINE_DATASETS/FathomNet/images/black_coral/db114c79-fced-4442-aefc-ccd4cfda58e9.png,black_coral,black coral,8
/home/tahiti/MARINE_DATASETS/FathomNet/images/black_coral/4cb19482-c1a9-4a82-aea6-71a3b4996fc6.png,black_coral,black coral,8
/home/tahiti/MARINE_DATASETS/FathomNet/images/coral_skeleton/92c92d5b-a4f5-4ffc-90f2-a4f3acefcf02.png,coral_skeleton,coral skeleton,12
/home/tahiti/MARINE_DATASETS/FathomNet/images/corallimorph/4d152f78-a1b8-4501-baf2-3ba4439169f8.jpg,corallimorph,corallimorph,14
/home/tahiti/MARINE_DATASETS/FathomNet/images/coral_skeleton/1428c916-d6be-454e-ad98-3312d40721a6.png,coral_skeleton,coral skeleton,12
/home/tahiti/MARINE_DATASETS/FathomNet/images/coral/3244a862-2490-4b90-9359-407ccde54482.jpg,coral,coral,11
/home/tahiti/MARINE_DATASETS/FathomNet/images/Asthenactis_fisheri/c4dca440-2ad3-4d3b-bddb-5e375c34bfce.png,Asthenactis_fisheri,Asthenactis fisheri,0
/home/tahiti/MARINE_DATASETS/FathomNet/images/Corallimorphus_pilatus/b5b79099-39d2-4bdc-92b1-c4e610ff4522.png,Corallimorphus_pilatus,Corallimorphus pilatus,7
/home/tahiti/MARINE_DATASETS/FathomNet/images/corallimorph/9efb97af-7acf-4bb2-aa63-25c143b15fbc.png,corallimorph,corallimorph,14
/home/tahiti/MARINE_DATASETS/FathomNet/images/black_coral/f8726eec-e7fd-4481-8217-e5e8471a8298.jpg,black_coral,black coral,8
/home/tahiti/MARINE_DATASETS/FathomNet/images/coral_transplant_container/9a99f7b3-d871-43c9-ba0e-f749ad42677a.png,coral_transplant_container,coral transplant container,13
/home/tahiti/MARINE_DATASETS/FathomNet/images/corallimorph/d8d4a26c-154e-4997-a6cd-aeaf00da6f27.png,corallimorph,corallimorph,14
/home/tahiti/MARINE_DATASETS/FathomNet/images/Corallimorpharia/ba3597c0-0f26-4cc0-b1b0-b74b8b5c8d52.png,Corallimorpharia,Corallimorpharia,3
/home/tahiti/MARINE_DATASETS/FathomNet/images/Coralliidae/b5c3612c-0f91-4e9b-8e28-8134d37d31b1.png,Coralliidae,Coralliidae,2
/home/tahiti/MARINE_DATASETS/FathomNet/images/coral/0cb8d762-c2c0-4fc4-bf69-45bcf934cbea.jpg,coral,coral,11
/home/tahiti/MARINE_DATASETS/FathomNet/images/brittle_star/3d90e685-6388-4708-a558-4c3d48d5962a.png,brittle_star,brittle star,10
/home/tahiti/MARINE_DATASETS/FathomNet/images/coral/9beff1de-1ca2-4dae-9c62-ada6f8eac2d0.jpg,coral,coral,11
/home/tahiti/MARINE_DATASETS/FathomNet/images/Corallimorphus_cf._pilatus/a629b795-097c-483c-ba51-c0fc2629acbd.jpg,Corallimorphus_cf._pilatus,Corallimorphus cf. pilatus,6
/home/tahiti/MARINE_DATASETS/FathomNet/images/Corallimorphus_pilatus/824b26af-7d34-4c0e-a474-dcdf12f95b22.png,Corallimorphus_pilatus,Corallimorphus pilatus,7
/home/tahiti/MARINE_DATASETS/FathomNet/images/corallimorph/b77594c7-3c79-4c63-9a1d-484d4ef999e6.png,corallimorph,corallimorph,14
/home/tahiti/MARINE_DATASETS/FathomNet/images/Corallimorphus/bd94e179-c397-4751-a4e2-71c42b926efe.png,Corallimorphus,Corallimorphus,5
/home/tahiti/MARINE_DATASETS/FathomNet/images/coral_skeleton/eb79bd3a-3f7c-4540-9392-2939589631b5.png,coral_skeleton,coral skeleton,12
/home/tahiti/MARINE_DATASETS/FathomNet/images/Corallimorpharia/01ffe30f-a020-48c0-ba25-533ed03d35c1.png,Corallimorpharia,Corallimorpharia,3
/home/tahiti/MARINE_DATASETS/FathomNet/images/coral_transplant_container/56aea4f9-d59d-4ad6-aae8-93c344a5bf4e.png,coral_transplant_container,coral transplant container,13
/home/tahiti/MARINE_DATASETS/FathomNet/images/coral_skeleton/bc7d23d0-fee1-4560-88ad-ec8a15b24c03.png,coral_skeleton,coral skeleton,12
/home/tahiti/MARINE_DATASETS/FathomNet/images/Corallimorphus_pilatus/16d7f6b7-5f8e-4e98-959a-18d8123bbfae.png,Corallimorphus_pilatus,Corallimorphus pilatus,7
/home/tahiti/MARINE_DATASETS/FathomNet/images/Coralliidae/64655f76-ec2e-4926-b6a9-a7423c77a73d.png,Coralliidae,Coralliidae,2
/home/tahiti/MARINE_DATASETS/FathomNet/images/brittle_star/329042b6-4a67-4288-85e3-b8d434ea8ad3.png,brittle_star,brittle star,10
/home/tahiti/MARINE_DATASETS/FathomNet/images/Corallimorphus_pilatus/585ebbda-4a38-4fb2-9cb4-2a88020d6673.png,Corallimorphus_pilatus,Corallimorphus pilatus,7
/home/tahiti/MARINE_DATASETS/FathomNet/images/coral/91bfdfbf-33c1-40bd-86a5-6b082b18e82b.jpg,coral,coral,11
/home/tahiti/MARINE_DATASETS/FathomNet/images/corallimorph/79107095-42f8-4b95-a0db-f76c86ee00a4.jpg,corallimorph,corallimorph,14
/home/tahiti/MARINE_DATASETS/FathomNet/images/Corallimorphus/7f546cd9-f60c-41a8-bdbe-062ff49b5ec8.png,Corallimorphus,Corallimorphus,5
/home/tahiti/MARINE_DATASETS/FathomNet/images/black_coral/266cc567-e9fc-46b4-a3d5-ec6c44ac6d6d.png,black_coral,black coral,8
/home/tahiti/MARINE_DATASETS/FathomNet/images/Corallimorphus/3e549208-b2a3-42a9-8642-10f680081304.png,Corallimorphus,Corallimorphus,5
/home/tahiti/MARINE_DATASETS/FathomNet/images/coral_skeleton/798d447c-2bd4-4e7d-9b49-04d3e9fea040.png,coral_skeleton,coral skeleton,12
/home/tahiti/MARINE_DATASETS/FathomNet/images/black_coral/69e76c89-2720-45bd-811b-0c41ee32b346.png,black_coral,black coral,8
/home/tahiti/MARINE_DATASETS/FathomNet/images/corallimorph/f7fc3d05-3403-4012-a7a7-3c9747b2b8bb.jpg,corallimorph,corallimorph,14
/home/tahiti/MARINE_DATASETS/FathomNet/images/Asthenactis_fisheri/0e431a8f-2792-42e7-8623-4921127f9641.png,Asthenactis_fisheri,Asthenactis fisheri,0
/home/tahiti/MARINE_DATASETS/FathomNet/images/Asthenactis_fisheri/4990a375-428f-45e6-b353-5d4d696c9906.png,Asthenactis_fisheri,Asthenactis fisheri,0
/home/tahiti/MARINE_DATASETS/FathomNet/images/Coralliidae/80d5368c-9094-4992-b4e9-89114ea653b0.png,Coralliidae,Coralliidae,2
/home/tahiti/MARINE_DATASETS/FathomNet/images/Corallimorphus/c034cbf1-77a1-4205-aaf1-57fded0bf14f.png,Corallimorphus,Corallimorphus,5
/home/tahiti/MARINE_DATASETS/FathomNet/images/corallimorph/17a43f9f-3c09-4d59-a65d-c0010baa4b62.png,corallimorph,corallimorph,14
/home/tahiti/MARINE_DATASETS/FathomNet/images/bony_fish/83b9d302-2aec-4211-856f-1f341da3bfe3.png,bony_fish,bony fish,9
/home/tahiti/MARINE_DATASETS/FathomNet/images/Corallimorphidae/95065656-53c4-4474-b7ec-a8104b0f62b2.png,Corallimorphidae,Corallimorphidae,4
/home/tahiti/MARINE_DATASETS/FathomNet/images/bony_fish/15d91b47-d26e-4612-90e7-22d5afb1665c.png,bony_fish,bony fish,9
/home/tahiti/MARINE_DATASETS/FathomNet/images/coral_skeleton/6d22d55a-1e1d-48bc-80c1-b25b49024ceb.png,coral_skeleton,coral skeleton,12
/home/tahiti/MARINE_DATASETS/FathomNet/images/brittle_star/3503471e-50ca-49ac-89ce-279d3ac844f2.png,brittle_star,brittle star,10
/home/tahiti/MARINE_DATASETS/FathomNet/images/Corallimorphus_pilatus/17de128b-cb1d-46f7-8d96-59eaf55a5b1f.png,Corallimorphus_pilatus,Corallimorphus pilatus,7
/home/tahiti/MARINE_DATASETS/FathomNet/images/brittle_star/2a924628-9586-49b2-9e97-284eec71f576.png,brittle_star,brittle star,10
/home/tahiti/MARINE_DATASETS/FathomNet/images/Corallimorpharia/045a9ac5-0462-4a1e-bd0a-403982b95634.png,Corallimorpharia,Corallimorpharia,3
/home/tahiti/MARINE_DATASETS/FathomNet/images/Corallimorphus/b9a697d9-12e0-408d-976a-39fc476ecef0.png,Corallimorphus,Corallimorphus,5
/home/tahiti/MARINE_DATASETS/FathomNet/images/coral_transplant_container/8dca0659-c213-4bec-846e-b871b6b40b61.png,coral_transplant_container,coral transplant container,13
/home/tahiti/MARINE_DATASETS/FathomNet/images/Corallimorphus_pilatus/59a5a350-c21b-4fd0-94cf-1a023c27fa7f.png,Corallimorphus_pilatus,Corallimorphus pilatus,7
/home/tahiti/MARINE_DATASETS/FathomNet/images/coral/30e7601b-aa16-4662-9043-c9e6e9e3171b.jpg,coral,coral,11
/home/tahiti/MARINE_DATASETS/FathomNet/images/Asthenactis_fisheri/88f2a132-7aa6-4436-b71a-ce50f589b436.png,Asthenactis_fisheri,Asthenactis fisheri,0
/home/tahiti/MARINE_DATASETS/FathomNet/images/coral/419da220-374c-483d-9563-0347af87a2fe.jpg,coral,coral,11
/home/tahiti/MARINE_DATASETS/FathomNet/images/black_coral/6a0104ab-5c4e-480e-b8ba-ebbe9d8b2c1d.png,black_coral,black coral,8
/home/tahiti/MARINE_DATASETS/FathomNet/images/coral_skeleton/6a9d8d6d-4bfa-48a9-bd95-ce2696086358.png,coral_skeleton,coral skeleton,12
/home/tahiti/MARINE_DATASETS/FathomNet/images/coral/2dfef150-04ff-43f9-b1a9-22240887f58d.jpg,coral,coral,11
/home/tahiti/MARINE_DATASETS/FathomNet/images/Benthoctopus/472745a5-79b7-4e36-97b1-f0d211223e56.png,Benthoctopus,Benthoctopus,1
/home/tahiti/MARINE_DATASETS/FathomNet/images/coral_skeleton/85126557-6097-4c94-ae5f-ba5e8a9df8e3.png,coral_skeleton,coral skeleton,12
/home/tahiti/MARINE_DATASETS/FathomNet/images/Corallimorpharia/a0f7b85e-56d1-491d-a437-1c2e6a61e0ea.png,Corallimorpharia,Corallimorpharia,3
/home/tahiti/MARINE_DATASETS/FathomNet/images/corallimorph/3bd84774-7347-4eae-a655-82a44abc37dc.jpg,corallimorph,corallimorph,14
/home/tahiti/MARINE_DATASETS/FathomNet/images/Asthenactis_fisheri/a28d6389-2d7b-4276-a1d9-ea390dadfc06.png,Asthenactis_fisheri,Asthenactis fisheri,0
/home/tahiti/MARINE_DATASETS/FathomNet/images/Asthenactis_fisheri/497ed466-1885-40b7-bedd-3cb23422b549.png,Asthenactis_fisheri,Asthenactis fisheri,0
/home/tahiti/MARINE_DATASETS/FathomNet/images/coral/e85fafb9-28e0-4f50-919b-55fc850e3e67.png,coral,coral,11
/home/tahiti/MARINE_DATASETS/FathomNet/images/Asthenactis_fisheri/afb129b6-b3d2-44e3-87bc-79a4be0f0d66.png,Asthenactis_fisheri,Asthenactis fisheri,0
/home/tahiti/MARINE_DATASETS/FathomNet/images/coral_skeleton/a23e0274-b93a-4b0b-91b9-3ae9e35318a6.png,coral_skeleton,coral skeleton,12
/home/tahiti/MARINE_DATASETS/FathomNet/images/corallimorph/81020782-b75f-43ee-a5ef-83b61eed8c10.png,corallimorph,corallimorph,14
/home/tahiti/MARINE_DATASETS/FathomNet/images/black_coral/86aefeef-e27c-430b-8030-6bee5468dba0.png,black_coral,black coral,8
/home/tahiti/MARINE_DATASETS/FathomNet/images/brittle_star/27d4cd39-1ba8-47e8-ac51-f894b9bc90b0.png,brittle_star,brittle star,10
/home/tahiti/MARINE_DATASETS/FathomNet/images/Coralliidae/9c47122b-2f0a-4772-99dc-f1a7fb007d5d.png,Coralliidae,Coralliidae,2
/home/tahiti/MARINE_DATASETS/FathomNet/images/black_coral/048cde38-9d85-4b2e-9c40-1b3c6702ffbc.png,black_coral,black coral,8
/home/tahiti/MARINE_DATASETS/FathomNet/images/coral_skeleton/de3eddb4-5906-4fde-bacc-da2404e950df.png,coral_skeleton,coral skeleton,12
/home/tahiti/MARINE_DATASETS/FathomNet/images/coral/554398bc-a1f9-4f72-8a51-fc621eab6d57.png,coral,coral,11
/home/tahiti/MARINE_DATASETS/FathomNet/images/brittle_star/cba78334-4af8-42b0-844f-b4e3fe227e56.png,brittle_star,brittle star,10
/home/tahiti/MARINE_DATASETS/FathomNet/images/Coralliidae/304d6710-1db0-4612-ad2e-82631655b21c.png,Coralliidae,Coralliidae,2
/home/tahiti/MARINE_DATASETS/FathomNet/images/Coralliidae/90e93d00-72f4-4389-a473-77e0feeec072.png,Coralliidae,Coralliidae,2
/home/tahiti/MARINE_DATASETS/FathomNet/images/coral_skeleton/a446c7d8-6434-4f3f-b37e-de5a4f2b060c.png,coral_skeleton,coral skeleton,12
/home/tahiti/MARINE_DATASETS/FathomNet/images/brittle_star/b0170cbc-9707-4ad8-8424-a17bdd69224a.png,brittle_star,brittle star,10
/home/tahiti/MARINE_DATASETS/FathomNet/images/Corallimorpharia/5c9e9f91-7cc0-452b-bbbc-fa79f7504b4e.png,Corallimorpharia,Corallimorpharia,3
/home/tahiti/MARINE_DATASETS/FathomNet/images/Asthenactis_fisheri/dd544a81-bd34-4f3c-b5f2-91676c5944e6.png,Asthenactis_fisheri,Asthenactis fisheri,0
/home/tahiti/MARINE_DATASETS/FathomNet/images/Corallimorphus_pilatus/1149690d-b315-479b-978c-dd36aec6bad5.png,Corallimorphus_pilatus,Corallimorphus pilatus,7
/home/tahiti/MARINE_DATASETS/FathomNet/images/Corallimorphus_pilatus/e2d2b75b-c849-496f-af92-5a25b8ebdf4d.png,Corallimorphus_pilatus,Corallimorphus pilatus,7
/home/tahiti/MARINE_DATASETS/FathomNet/images/Corallimorphus_pilatus/837c9a24-2ab7-4b9c-b0c4-8795dd09a745.png,Corallimorphus_pilatus,Corallimorphus pilatus,7
/home/tahiti/MARINE_DATASETS/FathomNet/images/Corallimorphus/b0d42dd9-d0b8-4d1c-8a38-ea1c969c5f24.png,Corallimorphus,Corallimorphus,5
/home/tahiti/MARINE_DATASETS/FathomNet/images/black_coral/6e4cb0a4-e50c-4833-af10-950802dc6524.jpg,black_coral,black coral,8
/home/tahiti/MARINE_DATASETS/FathomNet/images/Corallimorphus_pilatus/439b6906-0610-42c4-b97a-4fa40995d2d9.png,Corallimorphus_pilatus,Corallimorphus pilatus,7
/home/tahiti/MARINE_DATASETS/FathomNet/images/Corallimorphus_pilatus/774eb275-2a34-4bae-9458-721805a49fea.png,Corallimorphus_pilatus,Corallimorphus pilatus,7
/home/tahiti/MARINE_DATASETS/FathomNet/images/brittle_star/a97f1ca9-0c79-4ee6-99b5-662f2961c492.png,brittle_star,brittle star,10
/home/tahiti/MARINE_DATASETS/FathomNet/images/Asthenactis_fisheri/9d230615-cb26-4e87-ab75-062330ecc6b4.png,Asthenactis_fisheri,Asthenactis fisheri,0
/home/tahiti/MARINE_DATASETS/FathomNet/images/Asthenactis_fisheri/f7c44dbe-6389-4cc3-8a67-444fc633cf0e.png,Asthenactis_fisheri,Asthenactis fisheri,0
/home/tahiti/MARINE_DATASETS/FathomNet/images/Asthenactis_fisheri/d94b5ca1-484d-4a1b-8475-8d13dacd6867.png,Asthenactis_fisheri,Asthenactis fisheri,0
/home/tahiti/MARINE_DATASETS/FathomNet/images/brittle_star/20823db2-85ae-4e0a-982b-9e809d59be2f.png,brittle_star,brittle star,10
/home/tahiti/MARINE_DATASETS/FathomNet/images/Coralliidae/38d4956c-c407-4519-a142-2d07dc462225.png,Coralliidae,Coralliidae,2
/home/tahiti/MARINE_DATASETS/FathomNet/images/black_coral/a35524f9-ac27-4bcd-bc1a-9ada2009eecd.png,black_coral,black coral,8
/home/tahiti/MARINE_DATASETS/FathomNet/images/Corallimorphus/35f94f6d-4417-4f6e-96f2-bc18d55a8e12.png,Corallimorphus,Corallimorphus,5
/home/tahiti/MARINE_DATASETS/FathomNet/images/Corallimorphus_cf._pilatus/9cebf920-51f7-42e7-9791-66f2f1b677f9.jpg,Corallimorphus_cf._pilatus,Corallimorphus cf. pilatus,6
/home/tahiti/MARINE_DATASETS/FathomNet/images/Coralliidae/5b0db56f-fc39-490c-92cb-c2c2cac3c402.png,Coralliidae,Coralliidae,2
/home/tahiti/MARINE_DATASETS/FathomNet/images/coral/996e0beb-4095-4b3e-9044-697b6e6194a0.jpg,coral,coral,11
/home/tahiti/MARINE_DATASETS/FathomNet/images/brittle_star/96164a3d-135b-4817-ae7a-688b103aad4e.png,brittle_star,brittle star,10
/home/tahiti/MARINE_DATASETS/FathomNet/images/Asthenactis_fisheri/18114efb-b83b-4903-a3f5-1126f4b5d83a.png,Asthenactis_fisheri,Asthenactis fisheri,0
/home/tahiti/MARINE_DATASETS/FathomNet/images/coral/deac5f70-43c6-4203-a57d-c1f88de2bd2f.jpg,coral,coral,11
/home/tahiti/MARINE_DATASETS/FathomNet/images/Corallimorpharia/dfd826ef-bb4e-471d-8a5d-d426a07805f6.png,Corallimorpharia,Corallimorpharia,3
/home/tahiti/MARINE_DATASETS/FathomNet/images/coral_skeleton/0209754f-7ad9-4d01-bb4f-bd9e88ed5404.png,coral_skeleton,coral skeleton,12
/home/tahiti/MARINE_DATASETS/FathomNet/images/Coralliidae/a4fc363a-e965-429b-8b9a-7077db677079.png,Coralliidae,Coralliidae,2
/home/tahiti/MARINE_DATASETS/FathomNet/images/Corallimorphus_pilatus/eaa429c9-3db2-430b-ba12-02ce36392726.png,Corallimorphus_pilatus,Corallimorphus pilatus,7
/home/tahiti/MARINE_DATASETS/FathomNet/images/black_coral/3683378b-288e-4cba-9fdc-e6d983abec43.png,black_coral,black coral,8
/home/tahiti/MARINE_DATASETS/FathomNet/images/coral_skeleton/f1f2ad8b-3c8c-4471-aded-7abd29586fe6.png,coral_skeleton,coral skeleton,12
/home/tahiti/MARINE_DATASETS/FathomNet/images/coral/f1373bc4-1f63-48ce-b622-e1fbcfbb42c3.jpg,coral,coral,11
/home/tahiti/MARINE_DATASETS/FathomNet/images/black_coral/07230293-30f5-435d-afa5-17de8febe9f2.png,black_coral,black coral,8
/home/tahiti/MARINE_DATASETS/FathomNet/images/bony_fish/2d7cdb0c-8ab3-4ceb-b210-5bc46fa66dbe.png,bony_fish,bony fish,9
/home/tahiti/MARINE_DATASETS/FathomNet/images/Asthenactis_fisheri/2a6edea9-fb21-4b46-9ac5-c0bb0eb99964.png,Asthenactis_fisheri,Asthenactis fisheri,0
/home/tahiti/MARINE_DATASETS/FathomNet/images/Corallimorphus_cf._pilatus/798ed94f-d97a-4260-aa98-30f2422e52ee.jpg,Corallimorphus_cf._pilatus,Corallimorphus cf. pilatus,6
/home/tahiti/MARINE_DATASETS/FathomNet/images/bony_fish/64e91bc9-de90-4c1b-90da-3b7a9fb86863.png,bony_fish,bony fish,9
/home/tahiti/MARINE_DATASETS/FathomNet/images/coral/735d7358-a590-46cc-8315-f6d6103b7512.jpg,coral,coral,11
/home/tahiti/MARINE_DATASETS/FathomNet/images/Corallimorphus_pilatus/d67e0f72-d35d-4e34-94da-2941c47fef0b.png,Corallimorphus_pilatus,Corallimorphus pilatus,7
/home/tahiti/MARINE_DATASETS/FathomNet/images/corallimorph/da39e1a3-76d1-4542-91a1-ed322c65d80d.png,corallimorph,corallimorph,14
/home/tahiti/MARINE_DATASETS/FathomNet/images/Corallimorphus_pilatus/b0f658eb-a4e8-4402-8042-c2b0efc60b6c.png,Corallimorphus_pilatus,Corallimorphus pilatus,7
/home/tahiti/MARINE_DATASETS/FathomNet/images/corallimorph/55a7e6fe-4d0b-4484-9b88-fb722158935b.png,corallimorph,corallimorph,14
/home/tahiti/MARINE_DATASETS/FathomNet/images/corallimorph/f6de6ccd-10ce-4425-b6e5-5d81309a9c44.png,corallimorph,corallimorph,14
/home/tahiti/MARINE_DATASETS/FathomNet/images/Coralliidae/e2672369-f435-462a-8962-2cf915a35469.png,Coralliidae,Coralliidae,2
/home/tahiti/MARINE_DATASETS/FathomNet/images/brittle_star/bd12bc2c-0567-4a01-b701-15995590a9d3.png,brittle_star,brittle star,10
/home/tahiti/MARINE_DATASETS/FathomNet/images/coral_skeleton/b1ca9292-f609-4c90-b7fb-e8117d1e76ef.png,coral_skeleton,coral skeleton,12
/home/tahiti/MARINE_DATASETS/FathomNet/images/coral/29bad8fe-aac0-4431-8f4a-2eec96459d4a.jpg,coral,coral,11
/home/tahiti/MARINE_DATASETS/FathomNet/images/Coralliidae/d9f377a0-8bb3-48b4-84e8-98e42fe60fb0.png,Coralliidae,Coralliidae,2
/home/tahiti/MARINE_DATASETS/FathomNet/images/corallimorph/c202d473-9350-45a5-a34e-95e6e7129a65.png,corallimorph,corallimorph,14
/home/tahiti/MARINE_DATASETS/FathomNet/images/bony_fish/0e0b3d34-f7f4-4f3a-980c-4ca13af563a5.png,bony_fish,bony fish,9
/home/tahiti/MARINE_DATASETS/FathomNet/images/Coralliidae/5ac3a156-82a9-4fa6-9f87-ce3859f1233c.png,Coralliidae,Coralliidae,2
/home/tahiti/MARINE_DATASETS/FathomNet/images/Coralliidae/e449d2e0-1a04-4048-9bc2-0cdaf72f770c.png,Coralliidae,Coralliidae,2
/home/tahiti/MARINE_DATASETS/FathomNet/images/Corallimorpharia/9a4fc647-f8cf-421b-ba45-8347d88f3d09.png,Corallimorpharia,Corallimorpharia,3
/home/tahiti/MARINE_DATASETS/FathomNet/images/black_coral/97d7b69e-d615-4363-9ff5-fccbfe466819.png,black_coral,black coral,8
/home/tahiti/MARINE_DATASETS/FathomNet/images/Asthenactis_fisheri/419fc5a7-1a05-4b6c-bdbc-70979e2f9d09.png,Asthenactis_fisheri,Asthenactis fisheri,0
/home/tahiti/MARINE_DATASETS/FathomNet/images/coral_skeleton/57b33383-86a9-4194-921c-8823dad6056d.png,coral_skeleton,coral skeleton,12
/home/tahiti/MARINE_DATASETS/FathomNet/images/coral_skeleton/b556f4cf-790c-481e-be10-4998f6453aa7.png,coral_skeleton,coral skeleton,12
/home/tahiti/MARINE_DATASETS/FathomNet/images/Corallimorpharia/93d5b97c-4c99-4172-93fc-4ddb701b12d1.png,Corallimorpharia,Corallimorpharia,3
/home/tahiti/MARINE_DATASETS/FathomNet/images/corallimorph/df7e9c32-d366-4048-8d33-25516c94f401.png,corallimorph,corallimorph,14
/home/tahiti/MARINE_DATASETS/FathomNet/images/brittle_star/48db95b9-29b0-41f4-a690-3413211289fb.png,brittle_star,brittle star,10
/home/tahiti/MARINE_DATASETS/FathomNet/images/brittle_star/346c30e6-c28c-4a66-8bb0-0a7f5ccfb298.png,brittle_star,brittle star,10
/home/tahiti/MARINE_DATASETS/FathomNet/images/Coralliidae/0cb41d1e-9323-4d4b-8c20-856823b6836f.png,Coralliidae,Coralliidae,2
/home/tahiti/MARINE_DATASETS/FathomNet/images/Corallimorphus_pilatus/da9312ad-24b0-42db-bc3b-00ca2595cdfb.png,Corallimorphus_pilatus,Corallimorphus pilatus,7
/home/tahiti/MARINE_DATASETS/FathomNet/images/corallimorph/7544702e-7c23-47cc-a6b8-384eb3db983f.png,corallimorph,corallimorph,14
/home/tahiti/MARINE_DATASETS/FathomNet/images/Coralliidae/0e72f0da-64d3-4cd3-b8ef-1ba428564cea.png,Coralliidae,Coralliidae,2
/home/tahiti/MARINE_DATASETS/FathomNet/images/Coralliidae/287cc831-0cd4-4725-985f-ceb137d3fbf7.png,Coralliidae,Coralliidae,2
/home/tahiti/MARINE_DATASETS/FathomNet/images/coral_skeleton/ca9d1983-80ea-4632-b718-5a4e401f9f25.png,coral_skeleton,coral skeleton,12
/home/tahiti/MARINE_DATASETS/FathomNet/images/coral/6dfca50e-9134-42c3-8e46-80373551c7ac.jpg,coral,coral,11
/home/tahiti/MARINE_DATASETS/FathomNet/images/coral_skeleton/26d7d0b5-b166-48b9-965b-bb043f595205.png,coral_skeleton,coral skeleton,12
/home/tahiti/MARINE_DATASETS/FathomNet/images/Corallimorphus_cf._pilatus/e44d2436-4646-4cf8-b895-6c2d08ed60b7.jpg,Corallimorphus_cf._pilatus,Corallimorphus cf. pilatus,6
/home/tahiti/MARINE_DATASETS/FathomNet/images/Corallimorphus_pilatus/e7cd6e1c-33a6-4c36-b7b1-dbbe88baa14c.png,Corallimorphus_pilatus,Corallimorphus pilatus,7
/home/tahiti/MARINE_DATASETS/FathomNet/images/Asthenactis_fisheri/effbd3e3-e87c-419e-8a18-17e1442401bb.png,Asthenactis_fisheri,Asthenactis fisheri,0
/home/tahiti/MARINE_DATASETS/FathomNet/images/black_coral/8a838924-1a33-4be3-91c1-d621654d05a5.png,black_coral,black coral,8
/home/tahiti/MARINE_DATASETS/FathomNet/images/brittle_star/ca680b75-62be-4928-92f1-a1d9406d5c06.png,brittle_star,brittle star,10
/home/tahiti/MARINE_DATASETS/FathomNet/images/corallimorph/1cdf1c1c-e1b8-4e9a-b497-f8e3fbf74e8b.jpg,corallimorph,corallimorph,14
/home/tahiti/MARINE_DATASETS/FathomNet/images/Asthenactis_fisheri/7c309d3d-c4ff-4d4e-acc2-129794848d52.png,Asthenactis_fisheri,Asthenactis fisheri,0
/home/tahiti/MARINE_DATASETS/FathomNet/images/black_coral/f7683c68-5b58-4bea-b1e1-4cc2c8ab1026.png,black_coral,black coral,8
/home/tahiti/MARINE_DATASETS/FathomNet/images/corallimorph/eb8532a6-db10-46e9-8eb8-52ee75532101.png,corallimorph,corallimorph,14
/home/tahiti/MARINE_DATASETS/FathomNet/images/Corallimorphidae/01f25e27-decc-4bcf-9e0f-11705911710f.png,Corallimorphidae,Corallimorphidae,4
/home/tahiti/MARINE_DATASETS/FathomNet/images/coral_skeleton/67a37816-ea44-4033-9c42-1973da5a189e.png,coral_skeleton,coral skeleton,12
/home/tahiti/MARINE_DATASETS/FathomNet/images/coral/be7e1304-a092-4597-91ab-4fcd51a70d36.jpg,coral,coral,11
/home/tahiti/MARINE_DATASETS/FathomNet/images/Coralliidae/35faf4b0-9abf-41c2-ae06-dfe8dffdb31b.png,Coralliidae,Coralliidae,2
/home/tahiti/MARINE_DATASETS/FathomNet/images/bony_fish/55c8f088-b47d-46c6-9cc5-e26800ee7332.png,bony_fish,bony fish,9
/home/tahiti/MARINE_DATASETS/FathomNet/images/Corallimorpharia/6d47dec6-8eb3-469b-baca-c3c252f19bb0.png,Corallimorpharia,Corallimorpharia,3
/home/tahiti/MARINE_DATASETS/FathomNet/images/brittle_star/125b29d1-9986-40cd-8df8-efb9ba557eca.png,brittle_star,brittle star,10
/home/tahiti/MARINE_DATASETS/FathomNet/images/Asthenactis_fisheri/f18767c0-3583-4299-83dd-e709336e895e.png,Asthenactis_fisheri,Asthenactis fisheri,0
/home/tahiti/MARINE_DATASETS/FathomNet/images/Corallimorphus_pilatus/eea85eb3-1cc6-4714-9a9f-99d01bafbb8a.png,Corallimorphus_pilatus,Corallimorphus pilatus,7
/home/tahiti/MARINE_DATASETS/FathomNet/images/Corallimorphus_cf._pilatus/1ee1dab6-3e63-46d3-a51e-57709cfd87b1.jpg,Corallimorphus_cf._pilatus,Corallimorphus cf. pilatus,6
/home/tahiti/MARINE_DATASETS/FathomNet/images/Coralliidae/bbd0faf6-6c8c-4a6a-836d-7be2598e9d7b.png,Coralliidae,Coralliidae,2
/home/tahiti/MARINE_DATASETS/FathomNet/images/Coralliidae/b0ae5683-f478-40ae-bcd0-0f679b0aa490.png,Coralliidae,Coralliidae,2
/home/tahiti/MARINE_DATASETS/FathomNet/images/brittle_star/2d1afbd3-358d-4637-8611-4d4d84af02b4.png,brittle_star,brittle star,10
/home/tahiti/MARINE_DATASETS/FathomNet/images/Corallimorphus/f2f732f0-2e7a-4d7a-9d78-8f2036fef34a.png,Corallimorphus,Corallimorphus,5
/home/tahiti/MARINE_DATASETS/FathomNet/images/Corallimorphidae/c40c1a6e-7438-46ca-a614-9e9d6c8827e1.png,Corallimorphidae,Corallimorphidae,4
/home/tahiti/MARINE_DATASETS/FathomNet/images/coral_skeleton/01f35d22-a721-49eb-919e-bdb0fae0095d.png,coral_skeleton,coral skeleton,12
/home/tahiti/MARINE_DATASETS/FathomNet/images/Asthenactis_fisheri/d16946ef-8a7a-4dae-aad4-034d2ff9add0.png,Asthenactis_fisheri,Asthenactis fisheri,0
/home/tahiti/MARINE_DATASETS/FathomNet/images/Asthenactis_fisheri/9a346fc5-5a4a-47e3-891c-fe41ccea96a1.png,Asthenactis_fisheri,Asthenactis fisheri,0
/home/tahiti/MARINE_DATASETS/FathomNet/images/bony_fish/c15a5a6f-2c41-4494-a713-4ad3dc098908.png,bony_fish,bony fish,9
/home/tahiti/MARINE_DATASETS/FathomNet/images/Coralliidae/c23697e6-10ac-41ca-ba6a-fe0345d67086.png,Coralliidae,Coralliidae,2
/home/tahiti/MARINE_DATASETS/FathomNet/images/Corallimorphus_pilatus/af0fc4ea-f50c-49fe-a790-68280bebe709.png,Corallimorphus_pilatus,Corallimorphus pilatus,7
/home/tahiti/MARINE_DATASETS/FathomNet/images/brittle_star/3b88640c-9b53-49a2-9ce8-0967d352c86f.png,brittle_star,brittle star,10
/home/tahiti/MARINE_DATASETS/FathomNet/images/bony_fish/9b623134-8e66-4062-9821-32efbf1a2b4f.png,bony_fish,bony fish,9
/home/tahiti/MARINE_DATASETS/FathomNet/images/black_coral/12f402e3-a784-43d6-9303-bf4be56816aa.png,black_coral,black coral,8
/home/tahiti/MARINE_DATASETS/FathomNet/images/coral_skeleton/5b1ebef0-5753-41d1-96b8-a46de85072cc.png,coral_skeleton,coral skeleton,12
/home/tahiti/MARINE_DATASETS/FathomNet/images/Asthenactis_fisheri/eddb38cc-6dc5-4eaa-b53c-7172210fe567.png,Asthenactis_fisheri,Asthenactis fisheri,0
/home/tahiti/MARINE_DATASETS/FathomNet/images/black_coral/a1b95464-ace4-4938-8c6b-9e1488e9c00a.png,black_coral,black coral,8
/home/tahiti/MARINE_DATASETS/FathomNet/images/bony_fish/4eef3b83-5e11-4010-88b7-fa567193c8d0.png,bony_fish,bony fish,9
/home/tahiti/MARINE_DATASETS/FathomNet/images/Corallimorphus/17921bc2-0689-471e-80f3-1af55a0e621d.png,Corallimorphus,Corallimorphus,5
/home/tahiti/MARINE_DATASETS/FathomNet/images/corallimorph/8fd93f44-0d35-4aa6-bf6c-47d51dce376d.jpg,corallimorph,corallimorph,14
/home/tahiti/MARINE_DATASETS/FathomNet/images/black_coral/9b7fa0ae-c0ed-429a-98fe-214b02c6b496.png,black_coral,black coral,8
/home/tahiti/MARINE_DATASETS/FathomNet/images/coral/83284058-7b68-43a1-9cbd-d980ef9c7fe4.jpg,coral,coral,11
/home/tahiti/MARINE_DATASETS/FathomNet/images/black_coral/fe610165-c3b7-4f3c-a295-351c9dd46b86.png,black_coral,black coral,8
/home/tahiti/MARINE_DATASETS/FathomNet/images/coral_skeleton/6c3b4c72-b761-48e6-8735-63dcbdc79d8d.png,coral_skeleton,coral skeleton,12
/home/tahiti/MARINE_DATASETS/FathomNet/images/brittle_star/5e24edd7-1bb4-4fac-b41d-34c9c263c3ba.png,brittle_star,brittle star,10
/home/tahiti/MARINE_DATASETS/FathomNet/images/black_coral/3db936b5-0200-48a7-821a-795ff566f790.png,black_coral,black coral,8
/home/tahiti/MARINE_DATASETS/FathomNet/images/Coralliidae/170d9b74-1d83-4246-b5d7-549352c59ca8.png,Coralliidae,Coralliidae,2
/home/tahiti/MARINE_DATASETS/FathomNet/images/black_coral/622ca9a3-cfc7-4888-b519-19c68497aac9.png,black_coral,black coral,8
/home/tahiti/MARINE_DATASETS/FathomNet/images/Coralliidae/9fb9f1ad-0bbe-4714-bacf-f7de63b388bc.png,Coralliidae,Coralliidae,2
/home/tahiti/MARINE_DATASETS/FathomNet/images/Asthenactis_fisheri/70ff0ea3-9d20-4a14-83c5-819316ac55b8.png,Asthenactis_fisheri,Asthenactis fisheri,0
/home/tahiti/MARINE_DATASETS/FathomNet/images/brittle_star/2006426a-4118-4294-92df-527ea7685817.png,brittle_star,brittle star,10
/home/tahiti/MARINE_DATASETS/FathomNet/images/Corallimorpharia/68fd98b7-42ec-4af3-8732-848228a31c88.png,Corallimorpharia,Corallimorpharia,3
/home/tahiti/MARINE_DATASETS/FathomNet/images/Asthenactis_fisheri/5866faef-f9b2-4250-b726-50bc0918b764.png,Asthenactis_fisheri,Asthenactis fisheri,0
/home/tahiti/MARINE_DATASETS/FathomNet/images/Corallimorphus_pilatus/14fd6447-9357-40b7-b882-2242e24c0f74.png,Corallimorphus_pilatus,Corallimorphus pilatus,7
/home/tahiti/MARINE_DATASETS/FathomNet/images/Corallimorphidae/81a5267f-ec48-4524-aa7b-f733c3ddd1ea.png,Corallimorphidae,Corallimorphidae,4
/home/tahiti/MARINE_DATASETS/FathomNet/images/Corallimorpharia/c23697e6-10ac-41ca-ba6a-fe0345d67086.png,Corallimorpharia,Corallimorpharia,3
/home/tahiti/MARINE_DATASETS/FathomNet/images/brittle_star/af9fe682-7be3-4c1c-b7ef-50486ba33595.png,brittle_star,brittle star,10
/home/tahiti/MARINE_DATASETS/FathomNet/images/Corallimorphus/b230e440-4712-4332-a94c-555238432239.png,Corallimorphus,Corallimorphus,5
/home/tahiti/MARINE_DATASETS/FathomNet/images/Asthenactis_fisheri/311d36b5-24cd-4f21-b615-3d754e6fe515.png,Asthenactis_fisheri,Asthenactis fisheri,0
/home/tahiti/MARINE_DATASETS/FathomNet/images/coral_skeleton/8e376dd7-97df-4795-9707-ef1ae966611d.png,coral_skeleton,coral skeleton,12
/home/tahiti/MARINE_DATASETS/FathomNet/images/corallimorph/adb8d489-fc2c-4750-ae87-5473409545b2.png,corallimorph,corallimorph,14
/home/tahiti/MARINE_DATASETS/FathomNet/images/coral/bad0cb08-b810-4a25-ac52-9845d62594d9.jpg,coral,coral,11
/home/tahiti/MARINE_DATASETS/FathomNet/images/black_coral/d9f62e44-9e5c-44da-9fcb-cb9c426658a9.png,black_coral,black coral,8
/home/tahiti/MARINE_DATASETS/FathomNet/images/bony_fish/b28e6ba9-8810-4b1b-8505-64c81d3d0b5a.png,bony_fish,bony fish,9
/home/tahiti/MARINE_DATASETS/FathomNet/images/brittle_star/d1f5089e-f9ef-48ae-8b16-9a681043a911.png,brittle_star,brittle star,10
/home/tahiti/MARINE_DATASETS/FathomNet/images/coral_skeleton/0b7a0106-a3f8-42e7-9dd6-33a5705975fb.png,coral_skeleton,coral skeleton,12
/home/tahiti/MARINE_DATASETS/FathomNet/images/bony_fish/0662f8d0-5074-4a38-b1ae-7714ab835514.png,bony_fish,bony fish,9
/home/tahiti/MARINE_DATASETS/FathomNet/images/Benthoctopus/6fba9f5f-b531-43d4-8f91-67597f57a4bd.png,Benthoctopus,Benthoctopus,1
/home/tahiti/MARINE_DATASETS/FathomNet/images/coral_skeleton/8f0f13fe-1c9a-43c6-80fa-8bf934745a25.png,coral_skeleton,coral skeleton,12
/home/tahiti/MARINE_DATASETS/FathomNet/images/coral/e96f3602-3cef-411d-9cf5-b3c05350ff38.jpg,coral,coral,11
/home/tahiti/MARINE_DATASETS/FathomNet/images/Corallimorphus_pilatus/bf90e2cb-4fb0-475f-a564-e8c3b0dfcbb0.png,Corallimorphus_pilatus,Corallimorphus pilatus,7
/home/tahiti/MARINE_DATASETS/FathomNet/images/corallimorph/74aee5c2-2a81-4ef9-a018-96da542919fb.jpg,corallimorph,corallimorph,14
/home/tahiti/MARINE_DATASETS/FathomNet/images/Coralliidae/eca2e9fb-b0d0-49c2-af4e-89fb3e48d168.png,Coralliidae,Coralliidae,2
/home/tahiti/MARINE_DATASETS/FathomNet/images/black_coral/850a1732-60ac-4b80-af2f-a82618cc5b9d.png,black_coral,black coral,8
/home/tahiti/MARINE_DATASETS/FathomNet/images/bony_fish/169b37ae-0666-49b6-aba4-f8894df0b392.png,bony_fish,bony fish,9
/home/tahiti/MARINE_DATASETS/FathomNet/images/Corallimorphus/bd3cc5c6-869d-497f-aeed-6c2a3380a111.png,Corallimorphus,Corallimorphus,5
/home/tahiti/MARINE_DATASETS/FathomNet/images/Coralliidae/b0ac5c8c-6a22-4451-8308-50e52ff8bafb.png,Coralliidae,Coralliidae,2
/home/tahiti/MARINE_DATASETS/FathomNet/images/black_coral/dcda96c7-2e06-4a9a-bb33-845ab9f0592a.png,black_coral,black coral,8
/home/tahiti/MARINE_DATASETS/FathomNet/images/bony_fish/b8b05e99-9c3c-4c7c-985c-8f694abc3db4.png,bony_fish,bony fish,9
/home/tahiti/MARINE_DATASETS/FathomNet/images/bony_fish/40bbe7ec-b787-4046-b7e5-0ff4ed0ca9dc.png,bony_fish,bony fish,9
/home/tahiti/MARINE_DATASETS/FathomNet/images/coral/28392f9c-9041-4b00-a3c2-ceaaed0067f8.jpg,coral,coral,11
/home/tahiti/MARINE_DATASETS/FathomNet/images/Asthenactis_fisheri/d60b5b72-ea31-42c9-b49c-011cd737e1eb.png,Asthenactis_fisheri,Asthenactis fisheri,0
/home/tahiti/MARINE_DATASETS/FathomNet/images/Corallimorphus/e0f0b060-e79f-49af-a379-89327e7225a2.png,Corallimorphus,Corallimorphus,5
/home/tahiti/MARINE_DATASETS/FathomNet/images/corallimorph/c91fabda-75c5-4e77-83a9-34cd02af101a.png,corallimorph,corallimorph,14
/home/tahiti/MARINE_DATASETS/FathomNet/images/coral_skeleton/f6ae1810-4f2e-4440-9814-4f481d739377.png,coral_skeleton,coral skeleton,12
/home/tahiti/MARINE_DATASETS/FathomNet/images/coral_transplant_container/6a2efe5f-8f3a-4eeb-9535-e853e38f3b56.png,coral_transplant_container,coral transplant container,13
/home/tahiti/MARINE_DATASETS/FathomNet/images/bony_fish/a42e7ec3-fb0b-4ab7-b5e7-2b573d1ff1ca.png,bony_fish,bony fish,9
/home/tahiti/MARINE_DATASETS/FathomNet/images/coral_skeleton/2b17e563-967a-4c98-a821-5fe567838e4b.png,coral_skeleton,coral skeleton,12
/home/tahiti/MARINE_DATASETS/FathomNet/images/bony_fish/1f457348-3cd7-4deb-8acf-a5b8c3535425.png,bony_fish,bony fish,9
/home/tahiti/MARINE_DATASETS/FathomNet/images/Corallimorphus_pilatus/b04e65ee-70c6-41a7-8809-e245cc9d2b3c.png,Corallimorphus_pilatus,Corallimorphus pilatus,7
/home/tahiti/MARINE_DATASETS/FathomNet/images/corallimorph/013d99a8-21c1-497b-b197-e4cbf11c0c29.jpg,corallimorph,corallimorph,14
/home/tahiti/MARINE_DATASETS/FathomNet/images/brittle_star/f615050b-eb51-4803-8689-8d32b165e233.png,brittle_star,brittle star,10
/home/tahiti/MARINE_DATASETS/FathomNet/images/Asthenactis_fisheri/24c7b972-ffb0-488a-87cd-f2e506fbdbac.png,Asthenactis_fisheri,Asthenactis fisheri,0
/home/tahiti/MARINE_DATASETS/FathomNet/images/Asthenactis_fisheri/c9ce4280-0f6d-48f9-ad25-3953648dbba2.png,Asthenactis_fisheri,Asthenactis fisheri,0
/home/tahiti/MARINE_DATASETS/FathomNet/images/bony_fish/92aa1829-96d1-4a93-bedf-9ab21b0c045b.png,bony_fish,bony fish,9
/home/tahiti/MARINE_DATASETS/FathomNet/images/coral_skeleton/0e72f0da-64d3-4cd3-b8ef-1ba428564cea.png,coral_skeleton,coral skeleton,12
/home/tahiti/MARINE_DATASETS/FathomNet/images/Coralliidae/3f754dbf-51cb-4e01-b274-f2a6eeaf2b99.png,Coralliidae,Coralliidae,2
/home/tahiti/MARINE_DATASETS/FathomNet/images/Coralliidae/de3eddb4-5906-4fde-bacc-da2404e950df.png,Coralliidae,Coralliidae,2
/home/tahiti/MARINE_DATASETS/FathomNet/images/Coralliidae/57b33383-86a9-4194-921c-8823dad6056d.png,Coralliidae,Coralliidae,2
/home/tahiti/MARINE_DATASETS/FathomNet/images/corallimorph/cdf914d0-c27d-4b96-89b8-e4b2f86032d6.png,corallimorph,corallimorph,14
/home/tahiti/MARINE_DATASETS/FathomNet/images/black_coral/9d023faa-3a10-4841-b344-9f286c72727c.png,black_coral,black coral,8
/home/tahiti/MARINE_DATASETS/FathomNet/images/brittle_star/b90a5752-c0e5-4b12-afd3-589e67f76934.png,brittle_star,brittle star,10
/home/tahiti/MARINE_DATASETS/FathomNet/images/coral_skeleton/d95b1754-ab89-4ce4-b59f-6283ce6d6fc9.png,coral_skeleton,coral skeleton,12
/home/tahiti/MARINE_DATASETS/FathomNet/images/corallimorph/9e7e7d78-74a0-479e-b8a4-4a45d4983d19.jpg,corallimorph,corallimorph,14
/home/tahiti/MARINE_DATASETS/FathomNet/images/Corallimorphus/a03c8186-5f40-448f-a0c1-cbc6a8d2a7d1.png,Corallimorphus,Corallimorphus,5
/home/tahiti/MARINE_DATASETS/FathomNet/images/corallimorph/43b836e9-ab28-4d0f-8063-a7606f2a7e0f.png,corallimorph,corallimorph,14
/home/tahiti/MARINE_DATASETS/FathomNet/images/Coralliidae/977665ba-5ba6-4031-8ea5-f3ca8d6a7a74.png,Coralliidae,Coralliidae,2
/home/tahiti/MARINE_DATASETS/FathomNet/images/Corallimorphus/e4a50b2f-8a6f-428b-8066-fdc17c8e978a.png,Corallimorphus,Corallimorphus,5
/home/tahiti/MARINE_DATASETS/FathomNet/images/bony_fish/8b955281-e015-4be4-81ed-c1451bb73af9.png,bony_fish,bony fish,9
/home/tahiti/MARINE_DATASETS/FathomNet/images/black_coral/7be3c1ef-356f-4a21-97e8-9c3afd678ec2.jpg,black_coral,black coral,8
/home/tahiti/MARINE_DATASETS/FathomNet/images/black_coral/c8275912-e756-46a7-ab4f-76237e24287b.png,black_coral,black coral,8
/home/tahiti/MARINE_DATASETS/FathomNet/images/black_coral/f4f91984-231f-4875-864f-5a94596ef152.jpg,black_coral,black coral,8
/home/tahiti/MARINE_DATASETS/FathomNet/images/corallimorph/32dbb14b-0758-4916-99e6-ed2a826671e5.png,corallimorph,corallimorph,14
/home/tahiti/MARINE_DATASETS/FathomNet/images/Coralliidae/2bcd5ba2-3980-49dd-9a2f-159e1e7f8e76.png,Coralliidae,Coralliidae,2
/home/tahiti/MARINE_DATASETS/FathomNet/images/corallimorph/e204e0ab-b99b-4ba2-8062-39968a1bd593.jpg,corallimorph,corallimorph,14
/home/tahiti/MARINE_DATASETS/FathomNet/images/corallimorph/f01e4e3f-eae0-4baf-ad0f-d6542ef0f6ee.png,corallimorph,corallimorph,14
/home/tahiti/MARINE_DATASETS/FathomNet/images/Asthenactis_fisheri/da12f4df-c18b-4b60-9d22-7c6e8743e608.png,Asthenactis_fisheri,Asthenactis fisheri,0
/home/tahiti/MARINE_DATASETS/FathomNet/images/Asthenactis_fisheri/ffe3eeee-75b4-4b25-aab8-eef4d16b127e.png,Asthenactis_fisheri,Asthenactis fisheri,0
/home/tahiti/MARINE_DATASETS/FathomNet/images/Corallimorphus_pilatus/e81e1231-c81d-44e7-9cde-e4c520dfa269.png,Corallimorphus_pilatus,Corallimorphus pilatus,7
/home/tahiti/MARINE_DATASETS/FathomNet/images/Corallimorphus_pilatus/3f999c82-bc7c-4358-a7bb-734d47b67fd3.png,Corallimorphus_pilatus,Corallimorphus pilatus,7
/home/tahiti/MARINE_DATASETS/FathomNet/images/coral_skeleton/17c5194f-db2f-46ad-898a-a118da823ed8.png,coral_skeleton,coral skeleton,12
/home/tahiti/MARINE_DATASETS/FathomNet/images/Coralliidae/bbf070b1-152c-4e4b-86d5-45f7bb311cdc.png,Coralliidae,Coralliidae,2
/home/tahiti/MARINE_DATASETS/FathomNet/images/corallimorph/35ed9e8f-2041-4eef-9618-407fdf7ede7a.jpg,corallimorph,corallimorph,14
/home/tahiti/MARINE_DATASETS/FathomNet/images/Coralliidae/3c336d0b-e0bc-4498-8291-2a3e3039b10a.png,Coralliidae,Coralliidae,2
/home/tahiti/MARINE_DATASETS/FathomNet/images/black_coral/3dcf0926-caa6-4d26-b774-807fa6ee39f8.jpg,black_coral,black coral,8
/home/tahiti/MARINE_DATASETS/FathomNet/images/Asthenactis_fisheri/bc4ed253-203d-43b7-94ec-8bc55b385883.png,Asthenactis_fisheri,Asthenactis fisheri,0
/home/tahiti/MARINE_DATASETS/FathomNet/images/corallimorph/6ae68a44-fb58-4abb-b96e-1c181a144066.jpg,corallimorph,corallimorph,14
/home/tahiti/MARINE_DATASETS/FathomNet/images/Corallimorphus_pilatus/a27a97c8-4b47-474f-a1b7-6c71199474c6.png,Corallimorphus_pilatus,Corallimorphus pilatus,7
/home/tahiti/MARINE_DATASETS/FathomNet/images/coral_skeleton/5f59c04b-c4b3-4a5d-b17a-65bbb679dfcc.png,coral_skeleton,coral skeleton,12
/home/tahiti/MARINE_DATASETS/FathomNet/images/corallimorph/8b4cdbcf-6e25-471b-8929-e4f394d41c8e.jpg,corallimorph,corallimorph,14
/home/tahiti/MARINE_DATASETS/FathomNet/images/corallimorph/358d4d12-87af-4e60-82f0-a4f203e932b6.jpg,corallimorph,corallimorph,14
/home/tahiti/MARINE_DATASETS/FathomNet/images/Corallimorphus/d4ef2c8e-398d-48d1-9820-10634bda2e92.png,Corallimorphus,Corallimorphus,5
/home/tahiti/MARINE_DATASETS/FathomNet/images/Corallimorphus_cf._pilatus/aa687ae0-46f9-4658-93b5-110c9d16777d.jpg,Corallimorphus_cf._pilatus,Corallimorphus cf. pilatus,6
/home/tahiti/MARINE_DATASETS/FathomNet/images/Corallimorpharia/144c89a0-ee0b-4874-8485-9f424dc85a78.png,Corallimorpharia,Corallimorpharia,3
/home/tahiti/MARINE_DATASETS/FathomNet/images/Coralliidae/d6d4b324-d46b-4e38-9eb8-6dc869d82e89.png,Coralliidae,Coralliidae,2
/home/tahiti/MARINE_DATASETS/FathomNet/images/coral_skeleton/fdbf1c75-67de-4f1a-bc17-5b004111482e.png,coral_skeleton,coral skeleton,12
/home/tahiti/MARINE_DATASETS/FathomNet/images/coral/dc542b64-d643-458d-b1e1-ab4b2359f7c2.jpg,coral,coral,11
/home/tahiti/MARINE_DATASETS/FathomNet/images/coral/9050e013-5658-4fd1-a735-e84a7fc470fc.jpg,coral,coral,11
/home/tahiti/MARINE_DATASETS/FathomNet/images/coral_skeleton/15437894-424a-4f3b-b831-fdba274422b7.png,coral_skeleton,coral skeleton,12
/home/tahiti/MARINE_DATASETS/FathomNet/images/Corallimorphus/f4cda40a-5fad-473c-a5ae-53bd97c24611.png,Corallimorphus,Corallimorphus,5
/home/tahiti/MARINE_DATASETS/FathomNet/images/Corallimorphus_pilatus/a22c7741-b611-4197-9d59-fb1e3c62f8cb.png,Corallimorphus_pilatus,Corallimorphus pilatus,7
/home/tahiti/MARINE_DATASETS/FathomNet/images/corallimorph/33afec2f-6e2f-43c4-bab2-6fca2e8597ef.jpg,corallimorph,corallimorph,14
/home/tahiti/MARINE_DATASETS/FathomNet/images/bony_fish/a6360af4-bb69-4bf6-895a-0a4d6529066d.png,bony_fish,bony fish,9
/home/tahiti/MARINE_DATASETS/FathomNet/images/Coralliidae/2a6e2dc2-1b3a-4ef1-a8f1-6e6899e1e649.png,Coralliidae,Coralliidae,2
/home/tahiti/MARINE_DATASETS/FathomNet/images/brittle_star/0fcac995-8c51-4ef5-a6ff-fedbce7110be.png,brittle_star,brittle star,10
/home/tahiti/MARINE_DATASETS/FathomNet/images/coral/a3f8d195-a99c-4f7f-b258-67de8674bba7.jpg,coral,coral,11
/home/tahiti/MARINE_DATASETS/FathomNet/images/Corallimorpharia/914b143a-e277-4133-ad9b-c50441c25e51.png,Corallimorpharia,Corallimorpharia,3
/home/tahiti/MARINE_DATASETS/FathomNet/images/bony_fish/df73f9a3-7d7d-47e8-ac7a-3847407a538f.png,bony_fish,bony fish,9
/home/tahiti/MARINE_DATASETS/FathomNet/images/Corallimorphus_pilatus/782f7624-e785-45f8-9676-10d7f0aa3056.png,Corallimorphus_pilatus,Corallimorphus pilatus,7
/home/tahiti/MARINE_DATASETS/FathomNet/images/brittle_star/a99004c5-b566-4b86-afa0-4c96e790945b.png,brittle_star,brittle star,10
/home/tahiti/MARINE_DATASETS/FathomNet/images/Corallimorphus_pilatus/3d9af1af-1c22-427b-98be-16942cff61c7.png,Corallimorphus_pilatus,Corallimorphus pilatus,7
/home/tahiti/MARINE_DATASETS/FathomNet/images/corallimorph/c19b524a-d9b6-4f81-9072-fd7759e5e2c3.png,corallimorph,corallimorph,14
/home/tahiti/MARINE_DATASETS/FathomNet/images/coral_skeleton/4d50fbbd-effa-4519-a5d1-c7d0e13ee76e.png,coral_skeleton,coral skeleton,12
/home/tahiti/MARINE_DATASETS/FathomNet/images/Asthenactis_fisheri/281c6cf0-6504-416a-8c7e-0294d50fc2f0.png,Asthenactis_fisheri,Asthenactis fisheri,0
/home/tahiti/MARINE_DATASETS/FathomNet/images/brittle_star/6223d41d-9ba6-4a8a-b29e-74162dfc52ac.png,brittle_star,brittle star,10
/home/tahiti/MARINE_DATASETS/FathomNet/images/brittle_star/8d159faf-ac8a-4047-ad77-dbf6889ee6a1.png,brittle_star,brittle star,10
/home/tahiti/MARINE_DATASETS/FathomNet/images/coral/d5800f45-5709-4b02-85c7-8e1a400d3623.jpg,coral,coral,11
/home/tahiti/MARINE_DATASETS/FathomNet/images/Corallimorphus/8aadeadd-6a5c-4d16-bebb-996a38fba975.png,Corallimorphus,Corallimorphus,5
/home/tahiti/MARINE_DATASETS/FathomNet/images/bony_fish/9da1c800-01fb-49ed-8d7f-300393ac48f3.png,bony_fish,bony fish,9
/home/tahiti/MARINE_DATASETS/FathomNet/images/coral/951ee443-c06d-43cd-bec0-1f0151bbdbf2.jpg,coral,coral,11
/home/tahiti/MARINE_DATASETS/FathomNet/images/coral_skeleton/75327d16-be70-4849-a141-ba7bbdb3819d.png,coral_skeleton,coral skeleton,12
/home/tahiti/MARINE_DATASETS/FathomNet/images/Corallimorphus/45a9b1f0-c607-4694-8ae6-1fdf7f597227.png,Corallimorphus,Corallimorphus,5
/home/tahiti/MARINE_DATASETS/FathomNet/images/Asthenactis_fisheri/068adbc9-6edb-49b6-b2be-a47ca82e0ce0.png,Asthenactis_fisheri,Asthenactis fisheri,0
/home/tahiti/MARINE_DATASETS/FathomNet/images/Coralliidae/15aab6a9-bd61-49b3-9afa-1d14348e1dad.png,Coralliidae,Coralliidae,2
/home/tahiti/MARINE_DATASETS/FathomNet/images/corallimorph/33a42197-0f49-4a70-8acb-48eb2c2e10aa.png,corallimorph,corallimorph,14
/home/tahiti/MARINE_DATASETS/FathomNet/images/brittle_star/9ddc5dc5-4f96-49d3-ac5d-6b93bd69e205.png,brittle_star,brittle star,10
/home/tahiti/MARINE_DATASETS/FathomNet/images/Corallimorphus_cf._pilatus/cd29633a-e651-46b8-bc0a-57e019e24085.jpg,Corallimorphus_cf._pilatus,Corallimorphus cf. pilatus,6
/home/tahiti/MARINE_DATASETS/FathomNet/images/Coralliidae/4d92bf73-e639-4eeb-af53-f93abdb4d85d.png,Coralliidae,Coralliidae,2
/home/tahiti/MARINE_DATASETS/FathomNet/images/corallimorph/5d300015-43c8-4b7c-a5ab-24db303ac0aa.png,corallimorph,corallimorph,14
/home/tahiti/MARINE_DATASETS/FathomNet/images/Coralliidae/764f64ff-8fc3-45a6-80b2-4dab6757ec9d.png,Coralliidae,Coralliidae,2
/home/tahiti/MARINE_DATASETS/FathomNet/images/coral/5190673a-cd25-4adb-a2c6-da446984b355.jpg,coral,coral,11
/home/tahiti/MARINE_DATASETS/FathomNet/images/Asthenactis_fisheri/b90519af-6cb7-482f-889b-49d0bf977da1.png,Asthenactis_fisheri,Asthenactis fisheri,0
/home/tahiti/MARINE_DATASETS/FathomNet/images/bony_fish/cc0cc47f-ed00-41e7-8653-8e0750052c1b.png,bony_fish,bony fish,9
/home/tahiti/MARINE_DATASETS/FathomNet/images/coral_skeleton/e10cfd54-4e49-4dbb-9af2-9342ca2d0326.png,coral_skeleton,coral skeleton,12
/home/tahiti/MARINE_DATASETS/FathomNet/images/corallimorph/95dc3721-99eb-4c77-ad3a-adc67b95d870.png,corallimorph,corallimorph,14
/home/tahiti/MARINE_DATASETS/FathomNet/images/coral/17e2b884-d746-4dc4-a5be-bdfe877990e1.jpg,coral,coral,11
/home/tahiti/MARINE_DATASETS/FathomNet/images/coral_skeleton/06d869d4-2df6-4824-93cd-437d82d0e46a.png,coral_skeleton,coral skeleton,12
/home/tahiti/MARINE_DATASETS/FathomNet/images/Corallimorphus_pilatus/353dc4ef-3eaf-4e17-979e-3d9109fb5f6c.png,Corallimorphus_pilatus,Corallimorphus pilatus,7
/home/tahiti/MARINE_DATASETS/FathomNet/images/Corallimorphus_pilatus/6bcb5515-0e52-41f2-95d4-c7ba5fbf3e32.png,Corallimorphus_pilatus,Corallimorphus pilatus,7
/home/tahiti/MARINE_DATASETS/FathomNet/images/bony_fish/4568e406-510c-4969-a4b7-f5b4d8fe59a5.png,bony_fish,bony fish,9
/home/tahiti/MARINE_DATASETS/FathomNet/images/Coralliidae/f9014558-d807-4b04-9aed-9d4a19f5cd32.png,Coralliidae,Coralliidae,2
/home/tahiti/MARINE_DATASETS/FathomNet/images/Asthenactis_fisheri/66f3bc50-36dc-4655-a52f-44311b449957.png,Asthenactis_fisheri,Asthenactis fisheri,0
/home/tahiti/MARINE_DATASETS/FathomNet/images/coral_skeleton/d2aee73c-bcd7-4fe2-a106-765bfd3ac7c8.png,coral_skeleton,coral skeleton,12
/home/tahiti/MARINE_DATASETS/FathomNet/images/Coralliidae/12a172b5-09b5-448d-9ba4-2d90062c692a.png,Coralliidae,Coralliidae,2
/home/tahiti/MARINE_DATASETS/FathomNet/images/coral/f13ef023-e194-4592-9b50-cd1c0b820ca0.jpg,coral,coral,11
/home/tahiti/MARINE_DATASETS/FathomNet/images/bony_fish/d106cc28-b599-44b9-a772-9093237fb29f.png,bony_fish,bony fish,9
/home/tahiti/MARINE_DATASETS/FathomNet/images/Benthoctopus/0ec43123-7322-4118-9015-b0a3dd1f8f6a.png,Benthoctopus,Benthoctopus,1
/home/tahiti/MARINE_DATASETS/FathomNet/images/bony_fish/469d54ce-4de2-4dce-b7ce-94180c493c0d.png,bony_fish,bony fish,9
